yari,यारी,यारी
tonic,टॉनिक,टोनिक
aregama,सारेगामा,सरेगामा
urvarta,उर्वरता,उर्व्रता
bani,बानी,बनी
traion,स्ट्रेन,स्ट्रासन
tandhaari,स्तनधारी,स्तनधारी
pardeiyon,परदेसियों,परदेसियों
arunachal,अरुणाचल,अरुणाचल
ghumaee,घुमाई,घुमाई
veronika,वेरोनिका,वेरोनिका
kapurthala,कपूरथला,कपूर्थला
inaani,इनसानी,इनसानी
maladahiya,मलदहिया,मलादहिया
jalbhrav,जलभराव,जलभररव
emrald,एमरल्ड,एमराल्ड
ukhrul,उखरुल,उखरुल
tration,स्ट्रेन,स्ट्रेन
chauda,चौड़ा,चौडा
arthhaatriyon,अर्थास्त्रीयों,अर्थास्त्रियों
manchiy,मंचीय,मांचय
charchaaen,चर्चाएँ,चर्चाएं
narwar,नरवर,नरवार
vitark,वितर्क,वितरक
donaldon,डोनल्डसन,डोनाल्डन
raidical,रैडिकल,राडिकल
dhahaane,ढहाने,ढहाने
haliahar,हालिहर,हलीसहार
reading,रीडिंग,रीडिंग
matek,मस्टेक,मस्तेक
mugaalataa,मुगालता,मुगलता
fadfadaaen,फड़फड़ाएं,फड़फड़ाएँ
ogataavetalaind,ऑगस्टावेस्टलैंड,ओगस्टावायनसेटेड
kaaryaawadhi,कार्यावधि,कार्यावधि
vyvhargat,व्यवहारगत,व्वह्ररतग
catholicon,कैथोलिकों,कैथोलिकन
patkathayen,पटकथाएं,पटकाायं
metrologit,मैट्रोलॉजिस्ट,मेट्रोलोजिस्ट
longewal,लोंगोवाल,लोंगेवाल
pratibaddhtaaen,प्रतिबद्धताएं,प्रतिबद्धााएं
moolon,मूलों,मूलों
anyuktavatha,संयुक्तावस्था,संयुक्तत्वसा
phalodi,फलोदी,फलोोदी
richardon,रिचर्डसन,रिचार्डन
udaa,उदा,उड़ा
cdcl,सीडीसीएल,सीडीसीएल
karykartaon,कार्यकर्ताओं,कार्यकर्ताओं
ilva,सिल्वा,सिल्वा
ropi,रोपी,रोपी
padhata,पढ़ाता,पढ़ता
kainawij,कैनविज,कैनाविज
vipreetataa,विपरीतता,विप्रीता
kingkhan,किंगखान,किंगखान
jivant,जीवंत,जीवंत
mhantam,महानतम,महान्तम
quarantine,क्वॉरेनटाइन,क्वार्टिना
hikariko,हिकारिको,हिकारिको
gulf,गल्फ,गुल्फ़
maanavtarhit,मानवटरहित,मानवत्रहित
theater,थियेटर्स,थीअर्टस
caron,कार्सन,कार्सन
chhutane,छूटने,छुटने
omvaar,साेमवार,सोमवार
reeleather,्रीलेदर्स,्रीलीटर्स
aryama,अर्यमा,अर्यमा
ramtek,रामटेक,रामके
bhadauria,भदौरिया,भदौरिया
vihehagyataon,विेषज्ञताओं,विेषाजताओं
denevali,देनेवाली,देनेवाली
very,वैरी,वेरी
mattancheri,मट्टानचेरी,मट्ताचेरी
yoder,योडेर,योडर
muqarrar,मुक़र्रर,मुकर्रार
aavihakaar,आविष्कार,आविकार
lakhayatirth,लक्ष्यतीर्थ,लक्षयातीर्थ
allcargo,ऑलकार्गो,एल्कार्गो
rate,रेट,रते
emily,एमिल,एमिली
dhahaaenge,ढहाएँगे,ढहाएंगे
wonder,वंडर,वांडर
angelo,एंजेलो,अंजेेलो
khangaali,खंगाली,खंगाली
halimar,ालीमार,लीीाार
lakhyon,लक्ष्यों,लक्ष्यों
mahadhipatiyon,महाधिपतियों,महाधिपतियों
aupengee,सौंपेंगी,सौपेंगी
chhodiye,छोडिये,छोड़िये
tremaik,त्रैमासिक,ट्रेमासिक
favvara,फव्वारा,फववारा
belcha,बेलचा,बेल्चा
indutrial,इंडस्ट्रियल,इंडस्ट्ररियल
nielen,नील्सन,नील्सेन
greenwood,ग्रीनवुड,ग्रीनवुड
job,जॉब्स,जॉब्स
aatmamugdha,आत्ममुग्ध,आत्ममुग्धा
tapan,तपन,तपन
kuriyo,कुर्सियॉ,कुरसियो
bijendrainh,बिजेन्द्रसिंह,बिजेंद्रसिंह
ube,सूबे,सुबे
kolorado,कोलोराडो,कोलोराडो
ro,रॉस,रोस
mridubhaahee,मृदुभाषी,मृदभूषि
bhaapa,भासपा,भससापा
week,वीक्स,वीक्स
mtake,एमटेक,मटके
roadrej,रोडरेज,रोडरेज
whitaker,वाईटेकर,व्हिटकर
lenevali,लेनेवाली,लेनेवाली
dungarpur,डूंगरपुर,डूंगरपुर
amruddhiyon,समृद्धियों,समर्द्धियों
nirbadh,निर्बाध,निरबाद
tuglakabad,तुगलकाबाद,तुगलाकाबाद
benvar,बेंवर,बेनवर
tirunelveli,तिरुनेलवेली,तिरुनेलवेली
anaavahyak,अनाव्यक,अनाव्यक
jagtap,जगताप,जगताप
nazarandaaz,नजरंदाज,नज़ररंदाज़
badhachadhakar,बढ़ाचढ़ाकर,बध़चाधकर
kaylana,कायलाना,कयलाना
blankaard,ब्लांकार्ड,ब्लैंकार्ड
bekaaboo,बेकाबू,बेकाबू
utrapada,सूत्रपाडा,सूत्रपदा
cranton,स्क्रेनटन,सक्रैनटन
athak,अथक,अथक
venkatraman,वेंकटरमन,वेंकटरममण
advait,अद्वैत,अडवैत
tuth,ट्रुथ,टुथ
navketan,नवकेतन,नवकेतन
urbandale,अर्बनडेल,उर्बनडेल
jadet,जड़ित,जडेत
chaplui,चापलूसी,चपलुसी
jodo,जोड़ो,जोडो
chayal,चायल,चयाल
azoopermia,एजूस्पर्मिया,एज़ोप्रेमिया
karmacharee,कर्माचारी,कर्मचारी
oria,ओडिसा,ओरिस्सा
harna,हारना,हरना
tide,टाइड,टाइड
nitin,नितिन,नितीन
avery,एवरी,एवरी
nizamabad,निज़ामाबाद,निज़ामाबाद
bazaru,बाजारू,बज़ारु
pagla,पगला,पगला
avahit,अविष्ट,अविष्ट
nichalaa,निचला,निचला
gonpo,गोंपो,गोनपो
dih,डि,दि
abhaadon,सभासदों,सभासादों
vipanak,विपणक,विपानक
aval,सवाल,सावल
haihav,ैव,ै्व
inpector,इस्न्पेक्टोर,इंस्पेक्टर
webb,वेब,वेबब
wadara,वदरा,वाारा
viratkhand,विराटखंड,विरकखंड
devapur,देवापुर,देवापुर
laaminaar,लामिनार,लामिनार
mahawar,महावर,महावर
varaache,वर्साचे,वरसाचे
jeevvigyaaniyon,जीवविज्ञानियों,जीव्िजीनायियों
bhiham,भीष्म,भीम
vanapatiyaan,वनस्पतियाँ,वनस्पतियाँ
polihing,पॉलििंग,पोलििंग
braat,बरात,ब्रात
phabti,फब्ती,फबती
kumavat,कुमावत,कुमावत
raatrichar,रात्रिचर,रात्रिचार
apaardarhi,अपारदर्ी,अपरर्दी
nivehkarta,निवेकर्ता,निवेकर्ता
mehmaan,मेहमान,मेहमान
aaan,आसान,आसान
rijhaayaa,रिझाया,रिझाया
pahunchanee,पहुंचनी,पहुंचानी
aapkaa,आपका,आपका
foodwork,फ़ूडवर्क्स,फूडवर्क्स
ibija,इबीजा,इबिजा
aalhaa,आल्हा,आल्हा
jilavaiyon,जिलावासियों,जिलवसायियों
bhalla,भल्ला,भल्ला
offerh,ऑफरः,ओफरर
havyaatra,वयात्रा,व्यात्रा
maarake,मारके,मारके
pudukkottai,पुदुकोट्टई,पुदुक्कोट्टई
rotation,रोटेन,रोटेन
pidiya,पीडिया,पिडिया
faliya,फालिया,फलिया
jivaniyan,जीवनियां,जीवनियां
commerce,कॉमर्स,कमर्से
lalmani,लालमणी,लालमानी
ajit,अजित,अजीत
badh,बाध,बढ़
nahinkarvaaee,नहींकरवाई,नहिंकरवाई
poornehwari,पूर्णे्वरी,पूर्णे्वरी
pityooniya,पिट्यूनिया,पिट्यूनिया
eriw,सेरिव,सेरिवा
evagram,सेवाग्राम,सेवाग्राम
pran,प्राण,प्रन
ginate,गिनते,गिनेट
laalaparee,लालपरी,लालापरी
roket,रकेट,रोकेट
doge,दोगे,डोग
badlapur,बदलापुर,बदलापुर
tik,टिक,टिक
kaegaa,कसेगा,कसेगा
vidyaaon,विद्याओं,विद्याओं
raichur,रायचूर,रायचुर
jamayaa,जमाया,जमाया
grover,ग्रोवर,ग्रोवर
ankrutiyan,संस्कृतियां,संस्कुरतियां
vijayapuram,विजयापुरम,विजयपुरम
kikiyaanaa,किकियाना,किकियाना
olapur,सोलापुर,सोलापुर
thenga,ठेंगा,थेंगा
jhada,झाड़ा,झडा
jaun,जौं,जौन
manwaayaa,मनवाया,मनवाया
gudepu,गुडेपु,गुडेपु
ghuna,घूंसा,घुंसा
dviarthee,द्विअर्थी,द्विर्थी
vaadak,वादक,वादक
cronfrencing,क्रान्फ्रेंसिंग,क्रोनफ्रलैंसिंग
majeco,मेजेस्को,मजेस्को
jivraj,जीवराज,जिवराज
teeron,तीरों,तीरों
khanaudaa,खनौदा,खनौदा
que,कुएस,क्यूज
watanukoollan,वातानुकूलन,वतनुकूलनाल
aym,सायं,सैम
mhavidya,महाविद्या,महाविद्या
bharadwaj,भारद्वाज,भारदवाज
davangere,दावणगेरे,दवंगगरे
caplin,कैपलिन,कैप्लिन
chhallaa,छल्ला,छल्ला
mandi,मंडी,मांडी
digvijay,दिग्विजय,डिग्विजय
urvarkon,उर्वरकों,उरवर्कों
haabban,हाब्बन,हाब्बन
maheenawat,मीनवत,मीनावत
hipra,िप्रा,िप्रा
uzbek,उज़्बेक,उज़बेक
columbia,कोलंबिया,कोलंबिया
pahanate,पहनते,पहनते
badhaataa,बढ़ाता,बढ़ता
urprie,सरप्राइज़,सर्पराइज
bahav,बहाव,बहव
parhdon,पार्षदों,परर्दों
phode,फोड़े,फोडे
tahkhaana,तहखाना,तहखाना
pratinidhikaree,प्रतिनिधिकारी,प्रतिनिधिकारी
pendulam,पेंडुलम,पें्डुलम
tarkon,तर्कों,तर्कों
allrounder,ऑलराउंडर,अल्लार्डर
alwadhi,अल्वधि,अलवाधी
ladaaiyon,लड़ाईयों,लड़ाइयों
hanfte,हांफते,हैंफटे
javabah,जवाबः,जवबब
unaan,सूनसान,सुनसान
premehwar,प्रेमे्वर,प्रेमे्वर
uniti,सुनीति,सुनिति
hantiniketan,ांतिनिकेतन,ांतिििकेनता
chalenge,चलेंगे,चलेंगे
wechha,स्वेच्छा,स्वेछा
dabur,डाबर,दाबुर
yaroohaleim,यरूलेम,यररूललि
baka,बक्सा,बकसा
dhona,धोना,धोना
mariya,मारिया,मरिया
ankor,अंकोर,अंकोर
jainon,जैनों,जैनों
pahchamee,प्चमी,प्चमी
ahu,साहू,साहू
hiham,हिाम,हिम
beil,बेसिल,बेसिल
kaundal,कौण्डल,कौंडल
eliminator,एलिमिनेटर,एलिमिनेटर
praarambhikataa,प्रारंभिकता,प्रारम्भिकता
kaaovo,कासोवो,कासोवो
mukhyaatithiyon,मुख्यअतिथियों,मुख्यतिधियों
videoh,वीडियोः,वीडियह
greer,ग्रीर,ग्रीर
charcha,चर्चा,चर्चा
texarkana,टेक्सरकाना,टेक्कररााा
merta,मेड़ता,मर्ता
kanai,कंसाई,का्सई
inha,सिन्हा,सिन्हा
jaikara,जयकारा,जयकरा
akhuaapaadaa,अखुआपाड़ा,अखुआपाड़ा
vikram,विक्रम,विकराम
veh,वे,वे
irtee,सिरती,सिरती
miouri,मिसौरी,मिसोरी
paroane,परोसने,परोसने
falluja,फ़ल्लूजा,फल्लुजा
manto,मंटो,मंंो
daubaaraa,दौबारा,दौबारा
jivan,जीवन,जीवन
daftarwale,दफ्तरवाले,दफ्तराालल
arena,अरेना,अरेना
aalochakon,आलोचकों,आलोचकों
ankrutiyon,संस्कृतियों,संस्कुरतियों
teting,टेस्टिंग,टेस्टिंग
jhauvaa,झउवा,झौवा
gulaabaag,गुलाबाग,गुलाबाग
prataavon,प्रस्तावों,प्रस्तावों
ardhavihwaa,अर्धवि्वास,अर्धवि्वास
eho,सेहो,सेहो
vega,वेगास,वेगास
beeemdablyooem,बीएमडब्ल्यूएम,बीमब्द्मियम
habra,हाबरा,हैब्रा
nyayalayeen,न्यायालयीन,न्यायलायन
karki,कार्की,कारकी
patotav,पाटोत्सव,पटोत्सव
dampatiyon,दंपतियों,दम्पतियों
oditar,ऑडिटर,ओडितर
jhaiyaan,झाइयां,झइयाँ
garibon,ग़रीबों,गरीबों
bhogte,भोगते,भोगते
namkin,नमकीन,नमकिन
jyaadaa,ज़यादा,ज्यादा
thouand,थाउजेंड,थाउसंद
grenite,ग्रेनाइट,ग्रेनाइट
lajjalu,लज्जालु,लज्जालु
arjuga,सरगुजा,सरजुगा
bettiah,बेतिया,बेत्ताय
aahityotav,साहित्योत्सव,साहित्योत्सव
orchha,ओरछा,ओरछा
pehan,पहन,पेहान
nalakaa,नलकसा,नलाकासा
irmon,सिरमोन,सिरमों
theateron,थिएटरों,थीएरेोन
hrirampur,्रीरामपुर,्रीरामपुर
darhnarthee,दर्नार्थी,दर्न्री
patrakaarvarta,पत्रकारवार्ता,पत्रकारवर्ता
patki,पटकी,पाकी
naimul,नैमुल,नाइमुल
ea,ईए,ईएए
torrance,टोरेंस,टॉरेंस
dhakelte,धकेलते,ढकेलते
mahanidehak,महानिदेक,महानिदेक
katrina,कैटरीना,कातररिना
ekclation,एक्सक्लेन,एक्सक्लेन
jabalpur,जबलपुर,जबलपुर
benitez,बेनिटेज़,बेनिटेज
ahaktataa,अक्तता,अक्तता
dhokebaaj,धोखेबाज,ढोकेबाज
maangeena,मांगीना,माँगीना
takara,टकरा,टकरा
paradheen,पराधीन,पराधीन
bremerton,ब्रेमटन,ब्रेमर्टन
immaturity,इम्मैच्योरिटी,इम्मेट्रिटी
dhiryawaan,धैर्यवान,धिर्यवान
baabaao,बाबाओ,बाबाओ
fatahi,फटही,फतही
varted,वर्स्टेड,वार्स्टेड
gangtok,गंगटोक,गंंगोट
jiyaangkou,जियांगकोऊ,जियांगडको
trelarah,ट्रेलरः,ट्रेलाराह
baramade,बरामदे,बारामे
aindan,सैंदान,सैंदन
dalton,डाल्टन,डल्टन
dhatta,धत्ता,धट्टा
ekath,एकसाथ,एकसत
bombay,बॉम्बे,बोम्बे
gairarahtravaadee,गैरराष्ट्रवादी,गैरास्थ्रवारीी
balurak,बलुरक,बालरुक
balaatkaariyon,बलात्कारियों,बलातकारियों
bombi,बांबी,बोम्बी
parntaron,पर्नस्टारों,पर्नस्तरों
zarda,जर्दा,ज़रदा
avi,अवि,एवी
awbhavik,अस्वभाविक,अस्वभाविक
achanbha,अचंभा,अचन्भा
beverage,बेवरेजेस,बेवरेजेस
waatikakaar,स्वास्तिकाकार,स्वास्तिकार
michael,माईकल,माेल
karawanou,करावणौ,करावाउो
kanthhar,कंठहार,कंठरर
panihati,पानीहाटी,पनिहाटी
omerville,समरविल,सोमरविल
waterbury,वाटरबरी,वाटरब्री
packagon,पैकेजों,पैकगों
karvi,कर्वी,करवी
twin,ट्विन,ट्विन
khelmantree,खेलमंत्री,खेलमंत्री
kikiyana,किकियाना,किकियाना
natijeh,नतीजेः,नतिजेह
dhuriyaa,धुरिया,धुरिया
aadaan,आदान,आड़ाँ
atti,सत्ती,सत्ती
paithelaujit,पैथेलॉजिस्ट,पैथेलौसस््ट
module,मॉड्यूल्स,मॉड्यूल्स
palaari,पलारी,पालार
karyabhar,कार्यभार,कार्यभार
kaantipoorn,कांतिपूर्ण,कांतिपूर्ण
hollywood,हॉलीवुड,हॉलीवुड
delhi,दिल्ली,देल्ही
wadaraa,वदरा,वादरा
charanbaddh,चरणबद्घ,चरणबंद
ukhakar,सूखाकर,सुखाकर
ratrichar,रात्रिचर,रत्रिचार
gowmutra,गौमूत्र,गुवमुत्र
ajetee,सजेती,सजती
wyakteeyon,व्यक्तीयों,व्यक्तियों
mamooli,मामूली,ममूली
karnehwardham,कर्णे्वरधाम,कर्णे्वरध्म
chayaniton,चयनितों,चयनितों
pipli,पिपली,पिपली
rayanik,रसायनिक,रस्यनिक
pilibhit,पीलीभीत,पिलिभित
andali,संदली,संदली
duneerti,दुर्नीति,दुनिर्त
patravaliyan,पत्रावलियां,पत्रवालियां
tribunal,ट्रिब्युनल,त्रिबुनल
pyria,पाइरिया,पायरिया
rawlani,रव्लानी,रावलानी
arada,अरदास,अरदास
gareebon,ग़रीबों,गरीबों
gidgidate,गिड़गिड़ाते,गिडगिडेट
bewakoofaanaa,बेवकूफाना,बेवकौलना
dhoondhti,ढूंढती,धूंधती
ware,वेयर,वारे
evanton,इवान्स्टन,एनवस्टन
vigyan,विज्ञान,विज्ञान
furti,फूर्ति,फुर्ती
vyavathapana,व्यवस्थापना,व्यवस्थापाना
aawaazen,आवाज़ें,आवाज़ें
europea,यूरोपिया,यूरोपे
langdon,लैंगडन,लैंगडों
panaamaa,पनामा,पनामा
hikaayatkartaa,िकायतकर्ता,िकायतकर्ता
navanagar,नवानगर,नवनागर
udhaargrah,सुधारगृह,सुधारग्रह
dibanoo,डिबनू,दिबानो
hugli,हुगली,हुगली
phaade,फाड़े,फाड़े
tyrolution,स्टायरोल्यून,स्टाइरोल्न
jewaab,जेवाब,जेवाब
vidiha,विदिा,विदिा
dubhahiyon,दुभाषियों,दुभाियों
phaliya,फालिया,फलिया
gairairaadatan,गैरइरादतन,गैराईदातन
rajnitikaron,राजनीतिकारों,राजनीतकारों
colorado,कोलोराडो,कोलारोडो
meharaam,मेहराम,मेहराम
dutt,दत्त,डुट
pratihthavale,प्रतिष्ठावाले,प्रतिष्ठवाले
pramukhkarmiyon,प्रमुखकर्मियों,प्रमुखर््ियों
dhankkar,ढंककर,धनककर
unteck,सनटेक,सुंटेक
rojana,रोजना,रोजना
ghot,घोट,घोट
kaanting,कांस्टिंग,काँस्टिंग
tapuwo,टापुओं,टापुवो
pragyatantra,प्रज्ञातंत्र,प्रज्ञततंत्र
jwar,ज्वार,ज्वार
parwa,परवा,परवा
anchari,संचारी,संचारी
daila,डसीला,दासिला
bhagedh,भगेड़,भगेध
agavai,अगवाई,अगवाई
jaanaakaree,जानाकरी,जानाकारी
clock,क्लाक,क्लॉक
raajbhaaee,राजभाई,राजभाई
raileeh,रैलीः,रैलीह
lowell,लॉवेल,लवॉल
amara,अमारा,अमारा
badalwa,बदलवा,बदलवा
wankhetra,वनक्षेत्र,वनक्षेत्र
conway,कॉन्वे,कोनवे
wheeling,व्हीलिंग,व्हीलिंग
formulae,फार्मूले,फ़ोर््यूला
aamdani,आमदनी,आमदानी
jhaadane,झाड़ने,झाडने
daphan,द़फन,दफन
ki,स्की,एसककी
kupohit,कुपोषित,कुपोषित
dhindhwal,ढिंडवाल,ढिंधवाल
torrent,टोरेंट,टॉरेंट
fatehgadh,फतेहगढ़,फतेहगढ़
thappadhabaajhee,थप्पड़बाज़ी,थप्पाधभाजी
geneva,जिनीवा,जेनेवा
bangbandhu,बंगबंधु,बांगबंधु
ehiyavan,एियवन,एीयवान
truth,ट्रुथ,त्रुथ
pakadkar,पकडकर,पकड़कर
chenkein,छींके,चेंकें
baytown,बैटाउन,बैयोटान
hindan,हिंडन,हिन्दन
odhakar,ओढ़कर,ओधकर
paathyakram,पाठ्यक्रम,पाठ्यकर्म
propellent,प्रोपेलेंट,प्रॉपेलेंट
bulandhahr,बुलंदहर,बुलां्र
deewani,दिवानी,दीवानी
uman,सुमन,सुमन
malmaa,मलमास,माल्मास
barpaya,बरपाया,बरपाया
bhoowaami,भूस्वामी,भूसवामी
nilaabh,नीलाभ,नीलाभ
jauhari,जौहरी,जौहरी
dehewa,देसेवा,देेसवा
reno,रिनो,रेनो
uttra,उत्तरा,उत्तरा
fargo,फार्गो,फरगो
puroohottamaachary,पुरूषोत्तमाचार्य,पुरूषोत्तमाच्यर
vaulta,वसूलता,वससललता
rookenge,रूकेंगे,रूकेंगे
lalaniyaa,ललानिया,ललनिया
pratigya,प्रतिज्ञा,प्रतिज्ञा
jarda,जर्दा,जरदा
tirupati,तिरुपति,तिरुपती
repecting,रिस्पेक्टिंग,रिस्पैक्टिंग
wihvaweer,वि्ववीर,वि्वीर
vidhanabhaen,विधानसभाएं,विधनसाभाएँ
madhura,मढ़ौरा,मधुरा
duhwaariyon,दु्वारियों,दु्वारियों
vive,विवेस,वाइव्स
dadreva,ददरेवा,दद्रेवा
kanjentevaaiti,कंजेंटेवाइटिस,कांजेंटेवााइट
pratirakhi,प्रतिरक्षी,प्रतिरक्षी
ia,ईए,आईए
upachye,सुपाच्य,सुपाच्ये
nahinkarwaaee,नहींकरवाई,नहिंकरवाई
punchang,पंचांग,पुंचांग
veeraangnaaon,वीरांगनाओं,वीरांगनाओं
avthayen,अवस्थाएं,अवस्थाएं
pintaa,पिंटा,पिंटा
bhootal,भूतल,भूतल
bhuvnehvapraad,भुवने्वप्रसाद,भुवने्वापरसाद
mejbaan,मेज़बान,मेजबाँ
pravritriyon,प्रवृत्रियों,प्रवृत्तियों
aata,आटा,आटीए
udhaaradaataaon,उधारदाताओं,उधारदाताओं
duhwariyon,दु्वारियों,दु्वरियों
khiakate,खिसकते,खिसकते
afreen,आफरीन,अफरीन
kullawee,कुल्लवी,कुल्लवी
berwyn,बर्विन,बर्विन
pulatkar,पुलत्स्कर,पुलट्सकर
warihthon,वरिष्ठों,वरिष्ठों
chabutre,चबूतरे,चाबुत्रे
tankaar,टंकार,टंकार
bhadkaya,भड़काया,भड़काया
maryadaon,मर्यादाओं,मार्यदाओं
jatatee,जताती,जतती
kain,कईं,कैन
ijajat,इजाजत,इजाजत
hamlo,हमलो,हमलो
camtudio,कैमस्टूडियो,कैमस्टडियो
galaxion,गैलेक्सियों,गैलेक्न
bengaluru,बेंगलुरु,बेंगालुरु
aayudhnirmaanee,आयुधनिर्माणी,आयुंधिरमाणी
chhaapemaar,छापेमार,छापेमार
putla,पुतला,पुतला
oberver,ऑब्जर्वर,ओब्सरवर
atri,अत्री,अत्री
b,बीएसएसएस,बीएस
amanvayaka,समन्वयक,सामाव्यका
adhikariyon,अधिकरियों,अधिकारियों
pecial,स्पेल,स्पेियल
nakalwad,नक्सलवाद,नक्सलवाद
kaaryayojna,कार्ययोजना,कार्ययोजना
nadaf,नदफ,नादफ
roller,रोलर्स,रोलर्स
nirdehikaa,निर्देिका,निर्देिका
uak,उसक,उसक
aarya,आर्य,आर्य
convocation,कन्वोकेन,कन्वेकन
iducing,सिडयूसिंग,सिडुंसिग
kipper,स्किपर,स्किपर
hayne,हैन्स,हेंस
pehiyon,स्पेियों,स्पेियों
croe,क्रॉस,क्रोसे
tawaron,तस्वारों,तस्वरों
acchidanand,सच्चिदानंद,सच्चिदननंद
jerualem,येरुलम,जेरुसलेम
francika,फ्रांसिस्का,फ्रेंसिकसा
karaar,क़रार,करार
aabhaar,साभार,साबार
bhuawal,भुसावल,भुसावल
amod,आमोद,आमोद
excel,एक्सेल,एक्सकेल
pradeh,प्रदे,प्रदे
utaraadhikaaree,उतराधिकारी,उतराधिकारी
amhayon,संयों,सम्यों
chamakna,चमकना,चमकना
cryptocurrencyon,क्रिप्टोकरेंसियों,क्रिप्टोकककरर्नन
valkan,वल्कन,वालकन
independet,इंडिपेन्डेट,इंडेपेंडेट
badabadee,बडबडी,बदबदी
jatiyon,जातियों,जतियों
ametti,समेटती,समेट्टी
crane,क्रेन,क्रेन
haq,क़,क्
fund,फंड,फंड
upyogitawadiyon,उपयोगितावादियों,उपयोगिताावियों
robin,राबिन,रोबिन
khyber,ख़ैबर,खाइबर
updraviyon,उपद्रवियों,उपद्रवियों
iddhantavaadiyon,सिद्धांतवादियों,सिद्धान्तावादियों
bharatnatyam,भरतनाट्यम्,भारतनात्यम
danga,दंगा,दांगा
najriyon,नजरियों,नजररियों
likhkar,लिखकर,लिखकर
lui,लुईस,ल्यूस
junun,जुनून,जुनून
harp,ाॅर्प,र््
kahmir,क्मीर,क्मीर
boodam,बूदम,बूदम
agende,एजेंडे,आगेंदे
khaatedaar,खातेदार,खातेदार
kadmo,कदमो,कडमो
hukhookh,हुक़ूक़,हुखूख
dhamm,धम्म,धम्म
gurupado,गुरुपदो,गुरुपादो
naagmandal,नागमण्डल,नागमण्डल
trehan,स्ट्रेन,स्ट्रैन
jh,झ,जे
phaan,फाँस,फाँस
ortega,ओर्टेगा,ओरटेगा
gm,जीएम,जीएम
anghiyataa,संघीयता,संघियता
imferopol,सिम्फरपोल,सिं्फरोोोल
jedateeiaaft,जेडटीईसाफ्ट,जेडेटासाफिट
hogaah,होगाः,होगाह
vatvik,वास्तविक,वास्तविक
naeedilli,नईदिल्ली,नैदिल्ली
davindarpaal,दविन्दरपाल,दविन्दरपाल
jhaugunj,झाउगंज,झौगुंज
proofread,प्रूफ़रीड,प्रूफ्रीड
bhijvaai,भिजवाई,भिजवाई
amjhunga,समझूंगा,समझुंगा
hamidan,हामिदन,हममदन
karab,करब,करब
kaaji,काजी,काजी
virodh,विरोध,विरोध
jodta,जोड़ता,जोड़ता
urfactant,सर्फेकटेंट्स,सर्फकाटेंट
bodara,बोदरा,बोदरा
padaraunaa,पडरौना,पद़ौरना
wipro,विप्रो,विपरो
vipannta,विपन्नता,विपंन्ता
krantiyon,क्रांतियों,क्रांतियों
menharaab,मेंराब,मेंराब
maloun,मलौन,मलौन
beeaaeeaaeeteeem,बीआईआईटीएम,बीआईबीतम
hill,हील्स,हिल्स
cubeck,क्यूबेक,कुयुक
jodhika,जोधिका,जोधिका
florence,फ्लोरेंस,फ्लोरेंस
zabardat,ज़बर्दस्त,ज़ाबरद्त
tereeh,तेरीः,तीरीह
wiangatiyaa,विसंगतिया,विसंगिताय
weting,वेस्टिंग,वेस्टिंग
lidaron,लीडरों,लीडरों
machaaye,मचाए,मचाये
pratikaaraa,प्रतिकारा,प्रतिकारा
notebandihuda,नोटबंदीुदा,नोटबेंदिुदा
dhaagaa,धागा,ढागा
eyarkandeehnar,एयरकंडीनर,आयरक्ननद्र
arya,आर्य,आर्य
kuraaane,कुरआने,कुराने
anvaharya,अन्वाहार्य,अन्वहर्य
aadhin,आधीन,आधीन
koraput,कोरापुट,कोरापुट
kakheevati,काक्षीवती,कक्षीवती
cuex,क्यूसैक्स,क्यूजेक्स
liidaron,लीडरों,लिडारों
wiftlet,स्विफ्टलेट,स्विफ्लटेट
lokabhavalee,लोकसभावाली,लोकसभावली
keeti,कीति,कीती
udkhoron,सूदखोरों,सुडखोरों
water,वाटर्स,वॉटर्स
kaarniyaan,कार्नियां,कार्नियाँ
clay,क्ले,क्ले
dharmanirpekhtaake,धर्मनिरपेक्षताके,धर्मनिरपेषककते
khalati,खलती,खलाती
ardhavihva,अर्धवि्वास,अर्धवि्वास
mrutyuniwaarak,मृत्युनिवारक,मृत्युनिवारक
cheekhna,चीखना,चीखना
wirerle,वायरलेस,वायरलेस
antati,संतति,संतती
hrimati,्रीमति,्रीमति
janjagran,जनजागरण,जंजग्रण
jefferonville,जेफरसनविल,जेफरससमनााल
lux,लक्स,ल्क्स
potter,पॉटर,पॉटर
dhandon,धंधों,धंदों
kaaloniwaaiyon,कालोनीवासियों,कालोनिवासियों
ochoa,ओकोआ,ओचोआ
lima,लिमा,लिमा
puhpit,पुष्पित,पुष्पित
ahkalakar,सहकलाकार,सहकालाकर
abdunnaair,अब्दुन्नासिर,अब्डुननाारिस
egmor,एगमोर,एग्मोर
graham,ग्राहम,ग्रहम
agyat,अज्ञात,अज्ञत
learn,लर्न,लर्न
melaghaat,मेलघाट,मेलघात
kaaryakartriyon,कार्यकर्त्रियों,कार्यकर्तरियों
immaichyority,इम्मैच्योरिटी,इम्मैयोधिट्टी
tanadhari,स्तनधारी,स्तनाधारी
udanen,उड़ानें,उड़नें
mhathir,महाथिर,महथीर
caitlyn,कैटलिन,केटलिन
aam,असम,असम
chahma,चष्मा,च्मा
bahulya,बाहुल्य,बहुल्या
kaju,काजू,काजू
tephen,स्टीफेंस,स्टीफन्स
namkeen,नमकीन,नमकीन
dreijer,ड्रेजर,ड्राइजर
gravita,ग्रविटा,ग्रेविटा
lokotav,लोकोत्सव,लोकोत्सव
belacha,बेलचा,बेलाचा
gaandchubhonachoonachhote,गांडचुभोनाचूसनाछोटे,गानचुभानाथोचोनोचे
paalaaahee,पालसाही,पालासही
failaiya,फैलाइए,फैैलया
patkathaein,पटकथाएं,पटकथाएं
lagega,लगेगा,लागेगा
iri,आईरिस,आईआईआईएस
kolhapur,कोल्हापुर,कोल्हापुर
apat,सपाट,सपत
circulation,सर्किलेन,सर्कलेन
matthe,मत्थे,मट्ठे
cootaron,स्कूटरों,स्कूटरों
ohrai,सोहराई,सोहराई
rewari,रेवाड़ी,रेवारी
itaram,सीताराम,सीताराम
pathalogit,पैथेलॉजिस्ट,पैथालोजिस्ट
naabhikund,नाभिकुंड,नाभिकुन्द
brahmlin,ब्रह्मलीन,ब्रह्मिलन
difarard,डिफरर्ड,दिफारदर्
aaraam,आराम,आराम
nibhaegi,निभाएगी,निभागी
tranitor,ट्रांजिस्टर,ट्रानसिस्टर
takra,टकरा,तकरा
bhedabhaavon,भेदभावों,भेदाभावों
chidchidapan,चिड़चिड़ापन,चिड़चीदापन
nanhein,नन्हें,नन्हें
portillo,पोर्टिलो,पोर्टिलो
arebajar,सरेबाजार,सरेबाजर
nivehkartaa,निवेकर्ता,निवेकर्ता
lopez,लोपेज़,लोपेज
vyavathaamoolak,व्यवस्थामूलक,व्यवस्थामूलक
ogrenaaij,ऑग्रेनाइज,ओग्रेनाइज
uthanevale,उठनेवाले,उठनेेवाले
javate,जावते,जवते
raajon,राजों,राजों
barah,बारह,बरह
bhautikwaadiyon,भौतिकवादियों,भौतिकवादियों
tarutal,तरुतल,तरुतल
zamana,ज़माना,ज़माना
atwaal,अटवाल,अटवाल
vihhin,विषहीन,वििन
enka,एनका,एंका
amavaya,अमावस्या,अमावस्य
anhyon,संयों,सं्यों
bamlehwaree,बम्ले्वरी,बामले्वरी
vivekadhikaron,विवेकाधिकारों,विवेकाधारकों
bhapaee,भपाई,भापई
occer,सॉकर,सॉस्कर
maariya,मारिया,मारिया
biolozi,बायोलॉजिस्,बायोलाजिस
pontiac,पॉन्टिएक,पोनटिया
mnaey,मनाए,मने
uthnee,उठनी,उठनी
purvaaiyon,पुरवासियों,पूर्वासियों
arica,एरिका,एरिका
thaakurvaadee,ठाकुरवादी,ठाकुरवाडी
neeoo,नीऊ,निओ
uthaapatak,उठापटक,उठापतक
alba,अल्बा,अल्बा
ligar,लिगर,लिगर
kamere,कमेरे,कमेरे
munafa,मुनाफा,मुनाफा
aadehah,आदेः,आदेाह
aryon,आर्यों,अर्यों
manfield,मैन्सफील्ड,मैन्सफील्ड
todenge,तोड़ेंगे,तोड़ेंगे
centreeng,सैंट्रींग,सेंट्रिंग
ghontana,घोंटना,घोंटाना
ilayachi,इलाइची,इलायाची
texmaco,टेक्समैको,टेक्सामो
banthia,बांठिया,बांथिया
beltran,बेल्ट्रान,बेल्ट्रान
hippo,हिप्पो,हिप्पो
bhoopingh,भूपसिंह,भूपसिंह
pravine,प्राविंसेस,प्राविन्सेज
dataanen,दस्तानें,दस्तानें
atuaa,सतुआ,सतुआ
akapulko,अकापुल्को,अकापुल्को
higman,हाइमन,हिगमैन
arvjaatiya,सर्वजातीय,सर्वजसतिया
utilitie,यूटिलिटीज,यूटिलिटीज
ahakalaakar,सहकलाकार,सहकलाकर
prit,स्प्रिट,स्प्रिट
rajnichi,राजनीचि,राजनीची
baadhit,बाधित,बाधित
bieee,बीएसएसएस,बाइसेसेस
premaatmak,प्रेमात्मक,प्रेमात्मक
plano,प्लानो,प्लानो
ahemdabadah,अहमदाबादः,अहेमदाबादह
brijeh,ब्रजे,बृजे
whittier,व्हिटियर,ह्हिटीयर
pranangali,प्राणसंगली,प्रांसंगली
priyamani,प्रियामणि,प्रियमणि
pythagora,पाइथागोरस,पाइथागोरास
ajhar,अजहर,अझर
iddhaarthah,सिद्धार्थः,सिद्धारथा
quete,क्यूट,क्वेट
dikhai,दिखार्इ,दिखाई
mantriyonke,मंत्रियोंके,मंत्रियोंके
laigikata,लैंगिकता,लाईगिकता
aaburod,आबूरोड,आबूरोद
ralhan,रल्हन,रलहन
awaal,सवाल,सवाल
badhna,बढना,बधना
tawaaron,तस्वारों,तस्वारों
delta,डेल्टा,डेल्टा
arthon,अर्थों,अर्थन
rahtrabhakton,राष्ट्रभक्तों,राष्ट्रकभोटों
gabalee,गबली,गबाली
thakkr,ठक्कर,ठक्कर
neco,नेस्को,नेस्को
ranneetibanaa,रणनीतिबना,रणनीतबबना
phaadanhe,फाडऩे,फादनहे
rikannekting,रिकनेक्टिंग,रिकेनकेंटिंग
buddhijeewon,बुद्धिजीवों,बुद्धीजीवों
boriwali,बोरीवली,बोरीवाली
tate,टेट,तेत
thki,थकी,ठककी
dual,ड्युअल,दुआल
agra,अग्र,अग्रा
aden,एडेन,एडेन
aurora,ऑरोरा,औरोरा
vaan,वाण,वाँ
haili,ैली,ैली
karykartaaon,कार्यकर्ताओं,कार्यकर्ताओं
welder,वेल्डर,वेल्डर
youngtown,यंगस्टाउन,यंगसस््नव
ummidwaaree,उम्मीदवारी,उम्मिदवारी
janaganna,जनगणना,जनगग्न
roeville,रोज़विल,रोसिवेल
gaanv,गॉंव,गाँव
vidyaathyon,विद्याथयों,विद्यात्यों
tolakarmee,टोलकर्मी,तोलकर्मी
buddhijivon,बुद्धिजीवों,बुद्धिजीवों
peniondhariyon,पेंनधारियों,पेंसियनोधारों
mahaadharmaadhyakha,महाधर्माध्यक्ष,महाधर्मध्यक्षा
baangarotiya,बांगरोटिया,बाँगरोतिया
upakhyaanon,उपाख्यानों,उपख्यानों
rajnitikaaron,राजनीतिकारों,राजनीतिकारों
achhi,अच्छी,अछी
brigade,ब्रिगेड,ब्रिगडे
nano,नैनो,नानो
gujaarane,गुजारने,गुजारने
enthe,ऐंठे,ऐंठे
kuh,कु,कु्
dimaak,दिमाक,डिमाक
killat,किल्लत,किलेट
harijan,हरिजन,हरिजन
garud,गरुड़,गरुद
janeudhari,जनेऊधारी,जननौदारी
chandrada,चन्द्रदास,चंद्रदाास
aavrittiyon,आवृत्तियों,आवृत्तियों
kiaani,किसानी,किसानी
beaulad,बेऔलाद,बुलॉद
pratihthi,प्रतिष्ठी,प्रतिष्ठि
aipp,ऐप्प,एआईपीपी
makerere,माकेरेरे,मकेरेर
pulinde,पुलिंदे,पुलिं्ेे
baraamad,बरामद,बारामद
nextgen,नेक्स्टजेन,नेक्स्टेेन
herawat,सहरावत,ेरावत
aavritiyon,आवृत्तियों,आविततियों
pattnaik,पटनायक,पट्टनैक
ladhege,लड़ेगे,लढेगे
radiumdharmee,रेडियमधर्मी,रदिउमध्रमी
race,रेस,रेस
robin,रॉबिंस,रोबिन्स
oxide,ऑक्साइड,ओक्साड
araa,सरसा,सरसा
wajood,वजूद,वजूद
dataar,दस्तार,दस्ताार
electroteel,इलेक्ट्रोस्टील,इलेक्ट्रोस्टिल
grahankaal,ग्रहणकाल,ग्रानकाल
vanhvaad,वंवाद,वन्वाद
jadit,जड़ित,जादित
mardani,मरदानी,मर्दानी
miranda,मिरांडा,मिरंदा
peachtree,पीचट्री,पीचट्री
mithaiyaan,मिठाइयाँ,मिठाइयाँ
rajman,राजमां,राजमान
aabru,आबरू,आब्रु
dehkaal,देकाल,देकाल
tugalki,तुगलकी,तुगलकी
ropane,रोपने,रोपने
jagruti,जागृति,जगरूती
ravael,रवैल,रवेल
hakubahey,कसुबहे,क्सुबाहे
hueb,ुऐब,ुएब
ijaajat,इजाजत,इजाजत
dune,दूने,दुने
vidhaaein,विद्याएं,विधाएँ
apnani,अपनानी,अपनानी
datakhathuda,दस्तखतुदा,दस्ताखतुदा
raaj,राज,राज
ananddaayak,आनंददायक,आनन्द्याक
purwafalguni,पूर्वाफाल्गुनी,पुर्वाललुंीी
toogaa,टूगा,तूगा
meghwal,मेघवाल,मेघवाल
vakrangee,वकरंगी,वक््रगी
two,टु,वीवो
ambaani,अंबानी,अंबानी
anvaahaarya,अन्वाहार्य,अन्वाहर्य
ulahna,उलाहना,उलाहना
danptiyon,दंपतियों,दानपतियों
adhiva,अधिवास,अधिवास
talve,तलवे,तल्वे
nandoi,नंदोई,नादोई
taraahakar,तराकर,तरााकर
aamaany,असमान्य,असामान्य
ambikapur,अम्बिकापुर,अंबिकापुर
baanyaa,बांया,बाँया
balot,बेलोट,बालोट
ankeny,एंकेनी,अंकेनी
premlata,प्रेमलता,प्रेमलाता
kohadhikaaree,कोषाधिकारी,कोधिकारी
ordanen,ऑर्डनेंस,आर्डेनेस
vyakhyatmakta,व्याख्यात्मकता,व्याख्यात्मकता
ratnaabhoohan,रत्नाभूषण,रत्नाभूषण
bhadauriya,भदौरिया,भदौरिया
chhudawaaya,छुड़वाया,छुड़ााया
hemptead,हेम्प्सटेड,हेम्प्स्टेड
anyay,अन्याय,अन्याय
kriptocurrencyon,क्रिप्टोकरेंसियों,क्रिप्टोककक्र्नन
avita,सविता,सविता
daramyanee,दरम्यानी,दर्मयाणी
urvin,सुरवीन,सर्विन
neet,नीट,नित
chahunmukhi,चहुंमुखी,चाुमुंही
aalto,ऑल्टो,आल्टो
chico,चिको,चिको
la,लास्ट,लास
lela,लेलऽ,लेला
kuhaan,कुषाण,कुान
hanumangarh,हनुमानगढ़,हनुमानगढ़
bichbachaav,बीचबचाव,बिचबाचाव
beechbachaav,बीचबचाव,बीचबाचव
bhalu,भाालू,भलु
chrome,क्रोम,क्रोम
partanee,परतानी,परतनी
tariko,तरीको,तारिको
mue,मुऐ,मुउ
bhaloo,भाालू,भलूू
premphalah,प्रेमफलः,प्रेमफलााह
vadak,वादक,वडक
ambit,संबित,साम्बित
davenport,डेवनपोर्ट,डेवेनपोर्ट
hiaarah,हिसारः,हिसारह
omaxe,ओमैक्स,ओमकसे
politheenon,पॉलिथीनों,पोलिथीनों
aaaapaa,आसापास,आसापास
kabahaa,कबहा,कबहा
heter,हेस्टर,हेस्टर
chkkar,चक्कर,चक्कर
pakanevala,पकानेवाला,पकनेेवाला
avyavaayee,अव्यवसायी,अव्यवसयी
bhandara,भंडारा,भंडारा
mainval,मैनवल,मैनवल
baji,बाज़ी,बाजी
krihnanagar,कृष्णानगर,कृष्णागगर
jawabah,जवाबः,जवाबाह
ankariyon,संस्कारियों,संस्कारियों
marriage,मैरेज,मैरियेज
chhapemar,छापेमार,छपेमार
ramkot,रामकोट,रामकोट
palatne,पलटने,पलटने
kanghe,कंघे,कांघे
mercado,मर्काडो,मेरकाडो
lodi,लोदी,लोडी
danpati,दंपति,दानापी
alap,ऐल्प्स,एल्प्स
hamirpur,हमीरपुर,हमीरपुर
toh,तो,तोह
dehkal,देकाल,देकाल
ameekhaakartaa,समीक्षाकर्ता,समीक्षकर्ता
arthhatriyon,अर्थास्त्रीयों,अर्थास्त्रियों
khemik,खेमिक,खेमिक
lokpratinidhiyon,लोकप्रतिनिधियों,लोकप्रतिनिधियों
tyoihar,त्यौहार,त्योइहार
deepika,दीपिका,दीपिका
yooropiyaa,यूरोपिया,यूरोपिया
medizenar,मेडिजेन्सर,मेडिजेंसर
kping,कपिंग,कपिंग
kakinada,काकीनाड़ा,काकीनाडा
parbhani,परभणी,परभाानी
baraai,बरसाई,बरसाई
ralaud,रालोद,राउउड
dubana,डुबाना,दुबाना
ridge,रिज,रिइ्ड
radiopremi,रेडियोप्रेमी,रेडियोप्रामी
jaanchana,जांचना,जांचना
araikela,सरायकेला,सराईकेला
kaaryayojana,कार्ययोजना,कार्ययोजना
dredger,ड्रेजर,ड्रेडगर
joneboro,जोन्सबोरो,जोनेसबोरो
fatener,फास्नर्स,फास्टेनर्स
aarekhah,आरेखः,आरेखाह
vaayatthaaan,स्वायत्तासन,स्वायत्तासन
pradhanmantriki,प्रधानमंत्रीकी,प्रधानमंत्रिकी
wabhawatah,स्वभावतः,स्वभावतः
andhra,आंध्रा,आंध्रा
engelin,एंजेलिन,एंगेलिन
hubhprabhaa,ुभप्रभा,ुभप्रभा
cooch,कूच,कूच
aateen,आस्तीन,आस्तीन
dum,डम,डुम
hiarah,हिसारः,हिसरह
kavyavidhaaon,काव्यविधाओं,काव्यविधाओं
cdyaan,सीडीयां,कियान
mool,मूल,मूल
harabh,रभ,राभ
toledo,टोलेडो,तोलेडो
bagli,बागली,बागली
jatati,जताती,जटती
notbandeehuda,नोटबंदीुदा,नोटबननददु
jangadnaa,जनगणना,जंगगाडा
jangan,जनगन,जंगगन
changed,चेंज्ड,चेंजड
land,लैंड,लैण्ड
ubaal,उबाल,उबाल
mehaman,मेहमान,मेहमन
apa,सपा्,सपा
takreeban,तक़रीबन,तकरीबन
hatakharon,हस्ताक्षरों,हस्ताक्षरों
hreeadguru,्रीसद्गुरु,्रीदस्गुरु
tyohaar,त्यौहार,त्योहार
pat,स्पस्ट,स्पास्ट
ghie,घिसे,घिसे
gumhudagi,गुमुदगी,गुमुदगी
nineteez,नाइनटीज,निनेतीज
vaatan,स्वातं,स्वातन
pujapath,पूजापाठ,पूजापाठ
unionwaadi,यूनियनवादी,यूनियोंवाडी
adchane,अड़चने,अडचने
farm,फार्म,फर्म
imaandaari,इमानदारी,ईमादनारी
chitrakathaa,चित्रकथा,चित्रकथा
halchal,हालचाल,हल्चल
waathyaheenataa,स्वास्थ्यहीनता,स्वास्थामीीता
matpatron,मतपत्रों,मतपत्रों
ubteni,सबस्टेंसिस,सबस्टेन्सिस
reon,रेसों,रेसों
dharmagranthon,धर्मग्रंथों,धर्मग्र्नोथ
prahlaad,प्रहलाद,प्रह्लाद
adviva,अधिवास,अद्वियास
megavaal,मेगवाल,मेगवाल
haliyaa,हलिया,हलिया
phalibhoot,फलीभूत,फलीभूत
paim,पैम,पाइम
han,हां,हेन
chachaji,चाचाजी,चचाजी
manmarji,मनमर्जी,मनमारजी
peterburg,पीटर्सबर्ग,पेटर्सबर्ग
raajneechi,राजनीचि,राजनीची
fefada,फेफड़ा,फेफाडा
kanchan,कंचन,कंचचन
vandemaataram,वन्देमातरम्,वंदेमततरम
pratirodhaatmak,प्रतिरोधात्मक,प्रतिरोधात्मक
gaanth,गांठ,गाँथ
heblikar,हेब्लिकर,हेबलिकर
kapolkalpana,कपोलकल्पना,कपोलकल्पनाा
iratee,सिरती,सिरती
wirele,वायरलेस,वायरलेस
danbury,डेनबरी,डैंबरी
naringhgarh,नरसिंहगढ़,नरसिंगगढढ़
jeweller,ज्वेलर्स,जेवललर्स
vayamveekrat,स्वयंस्वीकृत,स्वयंस््कृत
ehaa,एहसास,एहसास
vaabataa,वाबस्ता,वाबस्ता
deerfield,डियरफील्ड,डीफ्रील्ड
petroelee,पेट्रोसेली,पेट्रोसिली
macia,मैकियास,मासियास
kapoor,कपूर,कपूर
jyotihyhatron,ज्योतिष्यास्त्रों,ज्योतिास्त्रों
riram,्रीराम,्रीराम
kohadhikaari,कोषाधिकारी,कोधिकारी
truck,ट्रक,ट्रक
prapt,प्राप्त,प्रप्त
camarillo,कैमेरिलो,कैमेरिलो
francico,फ्रांसिस्को,फ़्रांसिक्सो
barata,बरसाता,बरसाता
arthawyavathataaon,अर्थव्यवस्थताओं,अर्थव्यवसाताओं
najraane,नजराने,नजराने
grahanakaal,ग्रहणकाल,ग्रहनकाल
vyavathavirodhi,व्यवस्थाविरोधी,व्यवस्थाविरोधी
rukate,रुकते,रुकते
noobiyaa,नूबिया,नूबिया
high,हाई,हिघ
formic,फार्मिक,फोर्मिक
hine,हाइंस,हाइंस
furaame,फुरामे,फ़ुरामे
kidwai,किदवई,किदवाई
laalmanee,लालमणी,लालमनी
kaathalaa,काथला,काठला
lipaaee,लिपाई,लिपाई
parween,परवीन,परवीं
mahamedia,महामीडिया,महामेदिया
aazmaanaa,आजमाना,आज़माना
bantata,बंटता,बंटता
kamjor,कमज़ोर,कमजोर
tan,स्टैन,स्टैन
pratileetar,प्रतिलीटर,प्रतिलीतर
pulama,पुलमा,पुलामा
neurovacular,न्यूरोवेस्कुलर,न्यूरोवेस्कुलर
kaipdhari,कैपधारी,कैपधारी
woonocket,वुनसोकेट,वूनसॉकेट
loveland,लवलैंड,लवेलैंड
harawal,हरावल,हरावल
patel,पटेल,पतेल
yariyan,यारियां,यरियां
nauvahan,नौवहन,नौवाहन
ui,उसी,यूएसआई
nariyalyukt,नारियलयुक्त,नरियलययुक्त
wealth,वेल्थ,वेल्थ
padani,पड़नी,पडानी
anumar,अनुमार,अनुमार
junction,जंक्न,जनक्न
ubmiion,सबमिन,सबमिन
urvanaa,सुर्वणा,सर्वाना
aatin,आस्तीन,आस्तिन
daanhil,दानील,दांिल
rapping,रैपिंग,रैपिंग
kamzor,कमज़ोर,कमजोर
upathiyon,उपस्थियों,उपस्थियों
vaidhruti,वैधृति,वैध्रुत
undram,सुंदरम,सुन्दराम
dataanaa,दस्ताना,दस्तााा
bhoogol,भूगोल,भूगोल
thirake,थिरके,थिरके
prawrittiyon,प्रवृत्तीयों,प्रावृत्यियों
client,क्लांइट,क्लाइंट
gajara,गजरा,गजरा
wilkinon,विल्किंसन,विलकिनसन
control,कंट्रोल,कोंट्रोल
naphaa,नफ़ा,नफा
aakaah,आका,आका
jaayke,जायके,जायके
aali,आलसी,आल्सी
turbine,टरबाइन,टरबाइन
naranharon,नरसंहारों,नरसंहारों
wargdoot,स्वर्गदूत,स्वर्गगूट
bahumaan,बहुमान,बहुमान
pahuchaaraa,पुचारा,पुचाररा
nikharen,निखारें,निखारें
kundal,कुंडल,कुंडल
jhaohuee,झाओहुई,झाओहुई
phalata,फलता,फलता
mumba,बंबा,मुंबा
tyoiharon,त्यौहारों,त्योहिरों
technoplat,टेक्नोप्लास्ट,टेकननप्सास्ट
boier,बोसीयर,बॉसियर
nigar,निगर,निगार
kianon,किसानों,किसनों
pranit,प्रनीत,प्रणित
yoojee,यूजी,यूजी
anthita,संस्थिता,संस्थिता
tadeek,तसदीक,तसदीक
atluj,सतलुज,सतलुु
maurya,मौर्यों,मौर्य
khanikarmi,खनिकर्म,खनिकारमी
pereddy,पेरेड्डी,पेरडेडी
chink,छींक,चिंक
mhagranth,महाग्रंथ,महाग्रंथ
rowan,रोवन,रोवान
badaa,बडा़,बड़ा
taajaa,ताजा,ताजा
crawford,क्रोफोर्ड,क्रावोर्ड
midnapore,मिदनापुर,मिडनापोर
tolaaan,तोलासन,तोलासन
webuniyadee,वेबुनियादी,वेबनिियाडी
bamlehvaree,बम्ले्वरी,बामले्वरी
ingar,सिंगार,सिंगार
lagaateen,लगातीं,लगातीन
lx,एलएक्स,एलएक्स
intelligence,इंटेलीजेंस,इंटललिससेंस
waadpremiyon,स्वादप्रेमियों,स्वादप्रेमियों
amrohi,अमरोही,अमरोही
aamdi,आमदी,आमदी
badhanaa,बढना,बधना
nicky,निकी,निकी
prince,प्रिंस,प्रिंसे
panjika,पंजिका,पंजिका
udanon,उड़ानों,उड़नों
janbhawna,जनभावना,जनभावाा
janhani,जनहानि,जन्हानी
tinkaa,टिंका,तिंका
penhandhaariyon,पेंनधारियों,पेंांधारियों
tuberculoi,ट्यूबरक्यूलोसिस,टुबरक्लोसिस
angareddi,संगारेड्डी,सांगररेड्डी
pakayen,पकाएं,पकाएं
pahnaakar,पहनाकर,पहनाकर
yallaappaa,यल्लाप्पा,यल्लाप्पा
anathita,संस्थिता,सनस्थिता
preciion,प्रिसिन,प्रिजिजन
prakriyagat,प्रक्रियागत,प्रक्रियागत
riaalee,रिसाली,रिसाली
knoxville,नॉक्सविल,कोन्स्विलि
ukhadhakar,उखड़कर,उखलखकर
bhen,भें,भेन
granthiyon,ग्रंथियों,ग्रान्थियों
uchchhrunkhalataa,उच्छृंखलता,उच्छुरंलता
le,ले,ले
dridh,दृढ़,दृध
marrej,मैरेज,मर्रज
dayaalapuraa,दयालपुरा,दयालापुरा
machilipatnam,मछलीपट्टनम,मचिलिपट्नम
naxaliyon,नक्सलियों,नक्सालियों
ladhkiyon,लड़कियो,लढ़कियों
latakkar,लटककर,लतककर
alai,आलसी,अलासी
letaeng,लेटसेंग,लेटेसेंग
properphaebuk,प्रॉपरफेसबुक,प्रोपेपाफ़ेबुक
jilawaaiyon,जिलावासियों,जिलवासियों
vihehanon,विेषणों,विेषणों
chaeffler,स्कैफ़लर,ेफफ्लर
umanath,उमानाथ,उमननथ
ebaz,एबज,एबाज़
karta,कटरा,करता
alive,अलाइव,अलिवे
brock,ब्रोक,ब्रॉक
tanla,टेनला,तानला
callahan,कालाहान,कैल्हान
khaatedar,खातेदार,खातेदार
fatama,फातमा,फतामा
aia,एेसा,एसास
ratnabhoohan,रत्नाभूषण,रत्नभूषण
lakhmeechandra,लक्ष्मीचन्द्र,लक्ष्मीदन््र
nichaai,नीचाई,निचाई
naakaam,नाकाम,नाकाम
haraval,हरावल,हरावल
kanchipuram,कांचीपुरम,कांचीपुरम
barahinga,बारहसिंगा,बारहसिंगा
belinda,बेलिंडा,बेलिंदा
tekchandani,टेकचंदानी,टेकचंदानी
doongarpur,डूंगरपुर,डूंगरपुर
lucie,लूसी,ल्सीज
nikalani,निकालनी,निकलनी
aagahe,आगाे,आगे
kathfodave,कठफोड़वे,कथफोोेवे
doorgadh,दूर्गध,दूर्गढ़
mithilanchal,मिथिलांचल,मिथिलांचल
pitamah,पितामह,पिताम
black,ब्लैक,ब्लैक
raza,रज़ा,राजा
daka,डाका,डाका
doranda,डोरंडा,दोरंडा
jaiban,जयबाण,जैबन
dublin,डबलिन,डबलिन
mangeh,मंगे,मंंे
chaukiyan,चौकियां,चौकियां
awp,एडब्ल्यूपी,एवीपी
pahante,पहनते,पहंते
dhamma,धम्मा,धम्मा
khambhat,खंभात,खम्भट
holt,होल्ट,होल्ट
vaidh,वैध्,वैध
epoklip,एपोक्लिप्स,इपोक्लिप्स
adanga,अड़ंगा,अडंगा
damghontu,दमघोंटू,दामघोंतू
hatyaaropit,हत्यारोपित,हत्यारोोिप
auguta,अगस्ता,औगुस्ता
daramyaanee,दरम्यानी,दर्मयानी
walter,वाल्टर्स,वाल्टर्स
garjana,गर्जना,गरजजना
hamtal,मलात,म्तल
aira,सायरा,साईरा
lakhkhi,लख्खी,लखखी
iayiyon,ईसाइयों,इसायियों
deedablyutee,डीडब्ल्यूटी,दीडब्लियुटी
landara,लंगड़ा,लंदारा
thakkar,ठक्कर,ठक्कर
khare,खरे,खरे
gomukh,गौमुख,गोमुख
khairati,खैराती,खैरती
trubyunal,ट्रिब्यूनल,ट्रुब्यूनल
prayogapruhth,प्रयोगपृष्ठ,प्रयोगापर्ष्ठ
brahmapur,ब्रह्मपुर,ब्रह्मापुर
parchiyon,पर्चियों,परचिियों
photofrem,फोटोफ्रेम,फोटोफ्रेम
madheekhedha,माड़ीखेड़ा,माधीखेवा
world,वर्ल्ड,वॉर्ल्ड
win,डब्ल्यूआईएन,विन
brahmleen,ब्रह्मलीन,ब्रह्मलीन
redding,रेडिंग,रेडिंग
poorwottar,पूर्वाेत्तर,पूर्वोत्तर
mitravat,मित्रवत,मित्रवत
deccan,डेक्कन,डिकन
hrunkhla,्रंखला,्रुंखला
theatr,थियेटर्स,थिअर््स
parikhaen,परीक्षाएं,परिखाएँ
chandan,चंदन,चंदन
kanyaein,कन्याएं,कन्यें
mahamanch,महामंच,महामंच
aalochak,आलोचक,आलोचक
harana,हारना,हरना
awaazon,आवाज़ों,अवाज़ों
nominate,नॉमिनेट,नोमिनेट
wauau,वौसौ,वौसाउ
premamoolak,प्रेममूलक,प्रेममूलक
karyakaryakartaon,कार्यकार्यकर्ताओं,कार्यक्र्यकर्ताओं
treamwood,स्ट्रीमवुड,स्ट्रीमवुड
anupryogon,अनुप्रयोगों,अनुप्रेयगों
bhilai,भिलाई,भिलाई
lagataar,लागातार,लगताार
mahamantr,महामंत्र,महमनतत्र
avarnataa,अवर्णता,अवर्णता
gruhnagar,गृहनगर,गृहनगर
alazar,सालाज़र,सलाजार
maadheekhedhaa,माड़ीखेड़ा,माधिखड़ा
amprabhuta,संप्रभुता,संप्रभुता
rowe,रोवे,रोवे
merraige,मैरेज,मेराइज
gajipur,गाजीपुर,गजीपुर
medithan,मेडिथ्सन,मेदि्ान
jarurih,जरूरीः,जरुररह
paancholaa,पांचोलास,पाँचोलास
liwaal,लिवाल,लिवाल
bandhuon,बंधुओं,बंधुओं
tuning,ट्यूनिंग,टुइनिंग
duar,दोआर,दुआर
piega,पिएगा,पीगा
uplakhya,उपलक्ष्य,उपलक्ष्य
rahtrak,राष्ट्रक,राष्ट्रक
vaigyanik,वैज्ञानिक,वैज्ञानिक
eto,सेटो,सेतो
aamariyapadha,आमरियापाड़ा,आमरियापाढा
bhulta,भूलता,भुलता
adhik,अधीक,अधिक
jamudiya,जामुड़िया,जामुदिया
baagora,बागोरा,बागोरा
bhuj,भुज,भुज
laundry,लॉन्ड्री,लौंड्री
naino,नैनो,नैनो
pharm,फाॅर्म,फर्म
underwood,अंडरवुड,अंडरवुड
tadanrutee,तदंरुस्ती,तदनुरस्ती
dablyooeeef,डब्ल्यूईएफ,डब्लूयील
hercule,हरक्यूलिस,हरक्लुज
dhonaa,धोना,धोना
nagaaraa,नगाड़ा,नगारा
bikherane,बिखेरने,बिखेरेन
enth,ऐंठ,एंट
takaleephadeh,तकलीफ़देह,टकलीपेह
canterbari,कैंटरबरी,कैंटरबारी
halmatpuraa,हलमतपुरा,हलमतपुररा
fainn,फैंन,फैन
feed,फीड्स,फीड्स
haito,हैतो,हैतो
poonjitantra,पूंजीतंत्र,पूंजीतांतर
darmait,डारमैट,दर्मत
raahtraa,राष्ट्रा,राष्ट्रा
apex,एपेक्स,एपेक्स
madurai,मदुरई,मदुरई
manovaigyaaniyon,मनोवैज्ञानियों,मनोवैज्ञानियों
chandrehwaranagar,चंद्रे्वरनगर,चंद्रे्वरनगर
nikaalani,निकालनी,निकालनी
ulazaanon,उलझानों,उलजाज़ों
badalavaakar,बदलवाकर,बदलावकर
halla,हल्ला,हल्ला
ophner,सॉफ़्नर,सॉफनर
nrityahaili,नृत्यैली,नृत्यााली
gati,गति,गती
hak,क़,क
nagappattinam,नागापट्टिनम,नागप्तत्निम
mckay,मैके,मैक्ये
ilaichi,इलाइची,इलाईची
wanvibhag,वनविभाग,वनविभाग
chhinke,छींके,छिंके
charchaamanch,चर्चामंच,चर्चाामंच
tani,तनी,तनी
nagmandal,नागमण्डल,नागममडल
activa,ऐक्टिवा,एक्टिवा
panipat,पानीपत,पनीपट
farrukhnagar,फर्रूखनगर,फर्रुखानगर
chapel,चैपल,चपेल
araaymohiuddinpur,सरायमोहिउद्दीनपुर,सारायमहिद्नननदुर
argi,सरगी,सारगी
nubiya,नूबिया,नुबिया
chhetthari,छेत्री,छेठ्ारी
dumghontu,दमघोंटू,दुमघोन्तु
pravritteeyon,प्रवृत्तीयों,प्रवृत्तियों
yahpal,यपाल,याला
bhatia,भाटिया,भातिया
pyade,प्यादे,प्यादे
fixingh,फिक्सिंगः,फिक्सिंह
varun,वरुण,वरुण
anhoni,अनहोनी,अन्होनी
outomaitically,औटोमैटिकली,आटोमैटिल्ली
neg,नेग,नेग
fincorp,फिनकॉर्प,फिनकॉर्प
prahaarak,प्रहारक,प्रहारक
trong,स्ट्रॉन्ग,स्ट्रॉंग
agencyyon,ऐजेंसियों,आजेंस्यों
nihandeh,निःसंदेह,निहसानदेह
pam,पैम,पाम
ail,ऐल,एआईएल
kamyuniketar,कम्युनिकेटर्स,कम्युनिकेतरों
aparivartanhil,अपरिवर्तनील,अपरिवर्तनिल्
regiterd,रजिस्टर्ड,रजिस्ट्रेड
pramukhataapoorwak,प्रमुखतापूर्वक,प्रमुखातपरूवक
chamchagiree,चमचागिरी,चमचगिरी
bhuvami,भूस्वामी,भूस्वमी
communication,कम्यूनिकेन्स,कम्युनिकेन
ierra,सिएरा,सियररा
graahakonne,ग्राहकोंने,ग्राहकोोने
kehari,केरी,केरी
oklahoma,ओकलाहोमा,ओकलाहोमा
mahavidya,महाविद्या,महाविद्या
dinu,दीनु,दीनू
pope,पोप,पोपे
ofner,सॉफ़्नर,सॉफनर
bentonville,बेंटनविल,बेन्टोविनले
katlari,कटलरी,कटलारी
tafford,स्टेफोर्ड,स्टाफर्ड
mukhyamantriamvaaddaata,मुख्यमंत्रीसंवाददाता,मुख्यमंत्रददांववा
maarvaad,मारवाड़,मारवाद
bolateen,बोलतीं,बोलटीन
hwing,्विंग,्विंग
purkayatha,पुरकायस्थ,पुरकायास्था
bouni,बौनी,बौनी
galgand,गलगंड,गलगंं
hataantaraneey,हस्तांतरणीय,हस्तानंतरीय
jheelon,झीलों,झीलों
bagad,बगड़,बगद
haaanadhikariyon,ासनाधिकारियों,ासनाधिकारियों
oxy,ऑक्सीज,ओक्सीएएस
naraeepura,नरसीपुरा,नरसीपुरा
madion,मेडिसन,मैडिसन
kathua,कठुआ,कठुआ
bakhhane,बख्ने,बख्ाने
enterprie,एंटरप्राइज,एंटरप्राइज
anuchit,अनुचित,अनुचित
anyukt,संयुक्त,संयुक्त
arabpatiyon,अरबपतियों,अरबब्तियों
thoma,थॉमस,थोमास
buildcon,बिल्डकॉन,बिल्डकॉन
lat,लास्ट,लास्ट
jhaaiyaan,झाइयां,झइयाँ
amitao,अमिताव,अमिताओ
packard,पैकर्ड,पैकडर्ड
maharaja,महाराजा,महाराजा
dwarikeh,द्वारिके,द्वारिके
jeremy,जेरेमी,जेरेमी
agrahari,अग्रहरि,अग्रहरी
tippanikar,टिप्पणीकार,टिप्पणीकर
pratihthaavaale,प्रतिष्ठावाले,प्रतिष्ठावाले
ramraj,रामराज,रामराज
atul,अतुल,अतुल
artemi,आर्टेमिस,आर्टेमिस
tankar,टंकार,टंकर
adhikaran,अधिकरन,अधिकरण
huhtamaki,हुहतमाकी,हुहतामकी
ladadd,लदड,लादा्ड
phaaeebret,फ़ाईब्रेट्स,फाईबर्ट्स
raykar,राइकर,रायकर
imtataa,सिमटता,सिमताता
dikhaaiye,दिखाइये,दिखाइए
half,हॉफ,हेल्फ
amzera,अमझेरा,अमजेरा
angrur,संगरूर,सांगरुर
aankhen,ऑंखें,आँखें
jatilaa,जटिला,जतिला
mold,मोल्ड,मोल्ड
anathaan,संसथान,संसाथाँ
uttar,उत्तर,उत्तर
mega,मेगा,मेगा
madanaganja,मदनगंज,मदनगगंजा
udana,उड़ाना,उदना
farmer,फार्मर,फर्मर
aantrit,आंत्रित,आंत्रित
bhrahtachariyon,भ्रष्टाचारीयों,भ्रष्टाचारियों
bhav,बहाव,भाव
kavi,कवि,कावी
maathaloo,माथलू,माठलल
urendranagar,सुरेंद्रनगर,सुरेन्द्रनगर
lekhakganon,लेखकगणों,लेखकगणों
worth,वर्थ,वर्थ
balmiki,बाल्मीकि,बालमिकी
ichchhaachaaree,इच्छाचारी,इच्छाचारी
raubdar,रौबदार,रौबदार
nilabh,नीलाभ,नीलभ
phyuchuritic,फ्यूचुरिस्टिक,फ्यूचुरिस्चिक
atlantic,अटलांटिक,अटलांटिक
thanvi,थानवी,थानवी
iyaha,सियाह,सियाहा
ikai,इकाई,इकाई
aruhi,आरुषि,अरुी
pythogara,पाइथागोरस,पाइथोगैरास
ubha,सुब्हा,सुबा
mohini,मोहिनी,मोहिनी
pitne,पीटने,पिटने
greenville,ग्रीनविल,ग्रीनविले
ganthe,गांठे,गंठे
rajathan,राजस्थान,राजस्थान
ahitakaaree,अहितकारी,अहितकारी
dhaavakon,धावकों,ढावकों
chauinga,चौसिंगा,चौसिंगा
agta,अगस्ता,एगस्टा
chharhari,छरहरी,छरहरी
aamriyapada,आमरियापाड़ा,आमरियापाडा
maa,मास,मास
ruhikul,ऋषिकुल,रुिकुल
niwarth,निस्वार्थ,निस्वर्थ
kremitry,क्रेमिस्ट्री,क्रेमिस्ट्री
daraati,डराती,दराती
roopi,रूपी,रूपी
arawagi,सारावागी,सारावगी
agarika,सागरिका,सागरिका
kamottejna,कामोत्तेजना,कमोत्तेजना
agartala,अगरतला,अगरताला
hreekruhnan,्रीकृष्णन,्रीकुष्णन
phoo,फूस,फूस
vlad,व्लाद,व्लाद
convention,कन्वेंन,कनववेन
dhoron,धोरों,धोरों
riya,रिया,रिया
tewaree,तेवरी,तेवरी
kottayam,कोट्टयम,कोट्यायम
agarwal,अग्रवाल,अगरवाल
kumari,कुमारी,कुमार
ammpattiyaan,संम्पत्तियां,सं्मप्तियाँ
bavji,बावजी,बावजी
faareni,फारेंसिस,फारेंसिस
arunai,अरुणाई,अरुणाई
khin,क्षीण,क्षीन
ventura,वेंचुरा,वेंतुरा
udaygadhi,उदयगढ़ी,उदयगाढी
hikayatkarta,िकायतकर्ता,िकायतकर्ता
kargil,कारगिल,कार्गिल
landal,लेंडल,लंडल
rectare,रैकेटियर,रेक्टेयर
jvar,ज्वार,जेवर
farm,फार्म्स,फर्म्स
gujara,गुजारा,गुजरा
dhvanimikon,ध्वनिमिकों,ध्वनिमिकों
dabangata,दबंगता,दबंगता
alahkaar,सलाहकार,सललहकार
anhayon,संयों,संययों
vila,विलास,विलास
urat,सूरत,सुरत
vindhya,विंध्या,विंध्य
pray,स्प्रे,स्प्रे
athetic,एस्थेटिक,एस्थेटिक
maange,मांगे,माँगे
romeoville,रोमियोविल,रोमिवोल
puroohottamachaary,पुरूषोत्तमाचार्य,पुरूषोत्तमाच्यर
waan,वाण,वाँ
dynamatic,डायनामेटिक,डायनामैटिक
ruell,रसल,रसेल
vihnu,विष्णु,विष्णू
junagadh,जूनागढ़,जुनागढ़
gatihilata,गतिीलता,गतिीता
coon,कून,कून
tapia,तापीया,टेपिया
ikattha,इकट्ठा,इकट्ठा
dhandhekhoree,धंधेखोरी,धंधेखेरी
water,वाटर,वाटर
vigyaanvaadiyon,विज्ञानवादियों,विज्ञानवादियों
morepen,मोरपेन,मोरेपेन
vadpremiyon,स्वादप्रेमियों,स्वद्प्रेमियों
kuhan,कुषाण,कुन
chabate,चबाते,चबते
vavidyaalaya,वविद्यालय,वविद्यायल
ening,सेंसिंग,सेंसिंग
plan,प्लेन,पीएलएन
danville,डैनविल,डानविल
lekhan,लेख़न,लेखन
ainjal,ऐंजल,एंजजल
leedaron,लीडरों,लीदरों
pegaw,पेगव,पेगाव
raalod,रालोद,रालोद
tokne,टोकने,टोकने
uri,सूरी,सुरी
halmatpura,हलमतपुरा,हलमतपुररा
palanpur,पालनपुर,पालानपुर
udaanon,उड़ानों,उड़नों
vyakteeyon,व्यक्तीयों,व्यक्तियों
regitan,रेगिस्तान,रेजस््ाान
ahityotav,साहित्योत्सव,साहित्योत्सव
bhratrachariyon,भ्रष्ट्राचारियों,भ्रस्तार्ााययोो
atin,सैटिन,सातिन
pitt,पिट्स,पित्त
anadhikaarik,अनाधिकारिक,अनाधिकारिक
parmoujood,परमौजूद,पारमूजूद
pace,पेस,पीएसई
mezbaan,मेज़बान,मेज़बान
vidyaayein,विद्याएं,विद्याएँ
kiratpur,कीरतपुर,किरतपुर
evala,सेवाला,सेवला
lagna,लगना,लग्ना
chatagaon,चटगांव,चटगांव
dillon,डिल्लों,दिल्नों
toncil,टोंसिल,टॉनसिल
radar,रदर,रादार
choodhe,चूड़े,चूढ़े
avranta,अवर्णता,अवरान्ता
thief,थीफ,थिफ़
nyutriyo,न्यूट्रियो,न्युत्रियो
ci,सीएसआई,सीएसआई
nivedanah,निवेदनः,निवेदना
lab,लैब्स,लैब्स
utara,उस्तरा,उस्तरा
deepan,दीपन,दीपन
diphtheria,डिप्थीरिया,दिफथथरिया
fatima,फातिमा,फतिमा
tadad,तदाद,तड़
ihat,ईष्ट,इत
laurene,लौरेंस,लॉरेंसे
yuddhak,युद्धक,युद्धक
niptaaraa,निपटारा,निप्तरा
lahlahaati,लहलहाती,लहलहाती
reliance,रिलायंस,रिलाएंस
ingam,सिंगम,सिंगम
radhakruhnada,राधाकृष्णदास,राधकर्षुनााा
aalha,आल्हा,आल्हा
ambani,अम्बानी,अंबानी
mahoney,महोनी,महोने
barbartapurna,बर्बरतापूर्ण,बारबातरापूर्ण
label,लेबल,लेबल
elbaino,एल्बाइनो,एलाबानो
agvaai,अगवाई,अगवाई
himat,िमट,िमत
makrani,मकरानी,मकरानी
labdh,लब्ध,लब्ध
dharak,धारक,धरक
lubhaavna,लुभावना,लुभावना
amdharhni,समदर्िनी,समधर्नि
aajmaanaa,आजमाना,आजमाना
manju,मंजू,मांजू
ballitic,बैलिस्टिक,बैलिस्टिक
pratibandhah,प्रतिबन्धः,प्रतिबंदन्ह
kumau,कुमाऊ,कुमाउ
majboori,मज़बूरी,मजबूरी
anyojakon,संयोजकों,संयोजकों
panchaootra,पंचसूत्र,पंचसूत्र
gayatri,गायत्री,गयात्री
officially,ऑफिियली,ऑफ्सिलीी
dhaiya,ढैया,धैया
boca,बोका,बीओसीए
fleh,फ्ले,फ्ले
anchar,संचार,संचार
mexico,मेक्सिको,मेक्सिको
tikiyon,टिकियों,टिकियों
normal,नॉर्मल,नौरमल
ukadiyaal,सुकडि़याल,सुकडियाल
erika,एरिका,एरिका
noon,नून,नूं
vidhaaon,विद्याओं,विधाओं
rihwatkhor,रि्वतखोर,रि्वेखोर
avrodhak,अवरोधक,अवरोधक
jamhedpur,जमेदपुर,जमेदपुर
hrinkhalaon,्रंखलाओं,्रृंखलाओं
kakkad,कक्कड़,कक्कड़
qwvga,क्यूडब्ल्यूवीजीए,क़्वग्वा
putin,पुतिन,पुतिन
vigyaanapeediyaa,विज्ञानपीडिया,विज्ञानिपदिया
wetinghoue,वेस्टिंगहाउस,वेस्टिंगहउउस
multimedia,मल्टीमीडिया,मल्टीमिडिया
gaayikaao,गायिकाओ,गाियाकाओ
chaudhari,चौधरी,चौधरी
haan,हां,हाँ
jeevati,जीवति,जीवती
preranapuree,प्रेरणापुरी,प्रेरणापुरी
warnikaa,स्वर्णिका,स्वर्णिका
anuprayogi,अनुप्रयोगों,अनुप्रयोगी
beeavaan,बीसवां,बीसवां
lohaati,लोहाती,लोहाती
elendt,एलएंडटी,एलेंडेट
pruitt,प्रूट,प्रूट
utaney,उतने,यूटेनी
uhanubhooti,सुहानुभूति,सुहनुबूति
ekhar,सेखर,सेखर
khaatootolaa,खातूटोला,खाततओटला
evamukta,सेवामुक्त,सेवामुक्त
jaanchkarata,जांचकर्ता,जांचकररा
zydu,ज़ाइडस,जिद्स
vigyanon,विज्ञानों,विज्ञानों
flavonoid,फ्लेवनाइड्स,फ्लेवोनाइड्स
adangaa,अड़ंगा,अडंगा
tantra,तंत्र,तन्त्रा
lokbhavaali,लोकसभावाली,लोकस्भावली
bangh,बंग,बैंग्
maey,मैसी,मससे
kiagoi,किस्सागोई,किस्सगो
chellani,चेलानी,चेल्लानी
jaylalita,जयललिता,जयलालिता
andhapan,अंधापन,अंॅधापन
badhane,बड़ने,बढ़ने
badhotri,बढ़ोतरी,बधोतरी
poorvabhadrapad,पूर्वाभाद्रपद,पूर्वभद्रापा
prahikhu,प्रिक्षु,प्रिक्षु
ladne,लडने,लैडने
baatah,बातः,बातः
aitraz,ऐतराज़,एत्राज
wabhavatah,स्वभावतः,स्वभावतः
chouhan,चौहान,चौहान
engeline,एंजेलिन,एंजेलिन
kaamanaen,कामानाएं,कामनाएं
awyer,सॉयर,सववेर
mandya,मांड्या,मंद्या
chhateni,छतेनी,छटेनी
vaiian,वैइसन,वैससन
aafa,आफॅ,आएफ़ा
vihwakarma,वि्वकर्मा,वि्वकर्मा
niyanta,नियंता,नियंता
prabhanmantri,प्रभानमंत्री,प्रभानमंत्री
denver,डेनवर,देनवर
ambikaon,अम्बिकाओं,अम्बिकाओं
amprati,संप्रति,सं्प्रत
fitzgerald,फिजराल्ड़,फिट्जरगार्ल्ड
tractor,ट्रैक्टर्स,ट्रैक्टर्स
ihaak,इाक,इाक
amargad,अमरगढ़,अमरगड़
penion,पेंषन,पेंन
dabhoi,डभोई,दभोई
aithan,ऐठन,ऐतन
traded,ट्रेडेड,ट्रेडेड
ainthey,ऐंठे,ऐंथी
aleem,अलीम,अलीम
vyagra,व्यग्र,व्यग्रा
dhaniye,धनिये,धनिये
lurhakate,लुढ़कते,लुरखकते
tool,टूल्स,टूल्स
boaan,बोसान,बोसान
bhatkaanaa,भटकाना,भटकााा
dungerpur,डूंगरपुर,डुंगेरपुर
adain,एडेन,एडीन
udakihuganj,उदाकिुनगंज,उदकिुगंज
hringar,ृंगार,्रृंगर
bhulon,भूलों,भूलों
roopak,रूपक,रूपक
kanblon,कंबलों,कानबोल
morale,मोराल्स,मोरलेस
pittburgh,पिट्सबर्ग,पित्स्बर्ज
cateline,कैटलिन,कैटेलाइन
mohadhaa,मोहड़ा,मोहधा
fond,फोंड,फोंड
layton,लेटन,लेयतों
jerualem,यरूलेम,जेरुसलेम
veriphication,वैरीफ़िकेन,वैरिफिकेन
bairakpur,बैरकपुर,बैराकपुर
ivan,सिवान,सिवन
nazarandaz,नजरंदाज,नज़ारंदाज
golamuree,गोलमुरी,गोलामुरी
verhan,वर्न,वर्न
arahi,सराही,सराही
eddi,एड्डी,एडीडी
bairaadh,बैराढ,बैराध
krutyaa,कृत्या,क्रुत्या
aatmamugdh,आत्ममुग्ध,आत्ममुग्ध
randolph,रैंडोल्फ,रैंडफोल
murmur,मरमर,मुरमूर
bipin,बिपिन,बिपिन
ghataaegee,घटाएगी,घटाएगी
chaeffler,स्कैफलर,ेफफ्लर
karyakaaryakartaon,कार्यकार्यकर्ताओं,कार्यकर्यकर्ताओं
ohaval,सोहावल,सोहावल
rihvatkhor,रि्वतखोर,रि्वेखोर
form,फार्म,फॉर्म
bond,बॉंन्ड्स,बॉण्ड्स
vihwaniiya,वि्वसनीय,वि्वासिनीय
malekar,मालेकर,मलेकर
lubhaate,लुभाते,लुभाते
anthaan,संसथान,संस्थान
interactuality,इंटरटेक्चुअलिटी,इंटरक््््लटी
aarya,आर्यो,आर्य
jiwanparyant,जीवनपर्यंत,जीवानपर्यंत
amanye,असमान्य,असमान्ये
jaee,जस्सी,जससी
parikalpit,परिकल्पित,परिकल्पित
rukavaton,रूकावटों,रुकवतों
granthiyan,ग्रंथियां,ग्रंथियां
ulhanagar,उल्हासनगर,उल्हासनगर
kundaliya,कुंडलियाँ,कुंदलिया
jaagriti,जागृति,जागृति
laphz,लफ्ज,लाफज़
yatraen,यात्राएं,यात्राएं
dabhara,डभरा,दभारा
muic,म्यूजिक,म्यूसिक
holding,होल्डिंग,होल्डिंग
bihadhee,बिड़ी,बिधधी
bevkufana,बेवकूफाना,बेवकुफाना
porbandar,पोरबंदर,पोरबंदर
dharmaanand,धर्मानंद,धर्मानंद
devi,देवी,देवी
anhida,अनिदा,अंिदा
hemwati,हेमवती,हेमवती
chidhte,चिढ़ते,चिढ़ते
dviarthi,द्विअर्थी,द्विर्थी
narayangadh,नारायणगढ़,नारायणगढ़
harhit,हर्षित,हर्षित
bhagdaud,भागदौड़,भगडौद
mukarte,मुकरते,मुकर्ते
barman,बर्मन,बरमान
burhanpur,बुरहानपुर,बुरहानपुर
eatvale,ईस्टवेल,ईएस्टवाले
gould,गोल्ड,गोल्ड
jockey,जोकि,जॉकी
kanindham,कनिंघम,कनिंधम
chhah,छह,छाह
garibi,गरीबी,गरीबी
ditributary,ड्रिस्ट्रीब्यूट्री,डिस्ट्रिब्यूरी
aadan,आदान,आडन
manjilen,मंजिलें,मांजिलेन
mahkane,महकने,महकने
utali,सुतली,सुताली
raad,रसद,रसाद
ev,सेव,सेव
chandrabali,चंद्रबली,चंद्रबाली
paaliyon,पालियों,पालियों
amitaon,अस्मिताओं,अस्मिताओं
badoo,बडू,बदूँ
ametati,समेटती,समेतती
franiko,फ्रांसिस्को,फ्रानसस्को
jaankaaron,जानकारों,जानकारों
foohadta,फूहड़ता,फूहदतता
chune,चुने,चुने
jaden,जड़ें,जड़ेन
quah,स्क्वै,स्क्वा
laffaajee,लफ्फाजी,लफफाजी
polimer,पॉलिमर,पोलिमर
hohadapantee,ोहदापंती,ोहददपट्टी
urvarakon,उर्वरकों,उर्वरकों
koling,कोलिंग,कोलिंग
paint,पेंट्स,पेन्ट्स
unnatiyon,उन्नतियों,अन्नतियों
farukhnagar,फर्रूखनगर,फरुरखनगर
bramhaand,ब्रह्माण्ड़,ब्रम्हाण्ड
rojvelt,रुजवेल्ट,रोजवेल्ट
bhaadaa,भाड़ा,भाड़ा
gudagaunw,गुडगौंव,गुदागौँव
viraangnaaon,वीरांगनाओं,विरांगाओं
angohtree,संगोष्ट्री,संगोष्ट्री
meza,मेज़ा,मेजा
putliyan,पुतलियां,पुटलियां
programmer,प्रोग्रामर्स,प्रोग्रामेमर्स
ahley,एले,अ्ले
vaimanya,वैमनस्य,वैमन्या
bayaane,बयाने,बयाने
peepaadh,पीपाड़,पीपढ़
dhtuen,धातुएं,ध्तुएन
phare,फरसे,फरसे
heopur,्योपुर,ेओपुर
uzlon,सुज़लोन,सज़ोल
rp,आरपी,आरपी
jiangkou,जियांगकोऊ,जिआंगको
faanon,फानों,फानों
reeta,रीता,रीता
entreek,एंट्रीक्स,एन्ट्रकक
panama,पनामा,पनामा
naqaab,नक़ाब,नकााब
mahattaron,महत्तरों,महत्तरों
extactor,एक्सटेक्टर,एक्सटैक्टर
apardarhi,अपारदर्ी,अपरदर्ी
mukaddamon,मुकद्दमों,मुकद्दमों
jhuthalane,झुठलाने,झुठलने
zaalaanaa,झालाना,ज़ालाँ
dhaatuein,धातुएं,धातुएं
criti,क्रिस्टिस,क्रिस्टिस
yooniyanwaadi,यूनियनवादी,यूनियानवाडी
olraunder,ऑलराउंडर,ओलरान्डर
pell,स्पेल,स्पेल्ल
moran,मोरन,मोरन
bharahtachaariyon,भरष्टाचारियों,भारष्टाचारियों
linden,लिंडेन,लिं्ेन
myer,मयर्स,माइर्स
ginte,गिनते,गिन्टे
mantrayon,मंत्रयों,मंत्रायों
und,सूंड़,सुन्द
dhundh,ढूंढ,धूंध
jataati,जताती,जताती
prihthabhoomiyon,पृष्ठभूमियों,पृष्ठभूमियों
im,सिम,सिम
emerald,एमरल्ड,एमराल््ड
mandalaayukto,मण्डलायुक्तो,मण्डायुक्तो
nora,नोरा,नौरा
bhaate,भाते,भाते
maum,मौम,मौम
padanee,पड़नी,पडनी
udaipur,उदयपुर,उदैपुर
wyakhyatmakta,व्याख्यात्मकता,व्याख्यात्मकता
blair,ब्लेयर,ब्लेर
wardha,वर्धा,वारधा
atyaarthprakah,सत्यार्थप्रका,सत्यार्थप्रका
parihad,परिषद,परिषद
uthaakar,उठाकर,उठाकर
uaki,उसकी,उसकी
durghtna,दुर्घटना,दुर्घटना
myore,मैसोर,माइसोर
akzo,एक्ज़ो,अक्जो
thouand,थाऊजेंड,थाउसंद
lordaa,लोरदा,लोरदा
teji,तेजी,तेजी
tivolee,टिवोली,तिवोली
paliyon,पालियों,पालियों
daihwala,डैवाला,दैवाला
textile,टेक्सटाइल्स,टेक्सीलइस
khatakhataaegee,खटखटाएगी,खटकथााीी
kantinyoo,कंटिन्यू,कांतिययू
upakaaryaalayon,उपकार्यालयों,उपकार्ययालों
alnkaar,अलंकार,अल्कार
daftarvaale,दफ्तरवाले,दफ्तरवाले
naagrik,नागारिक,नागरिक
dhuriya,धुरिया,धुरिया
theratipally,थेराटीपल्ली,थेरतपप्ली
kar,कर,कर
tadpatee,तड़पती,तद्पती
lauti,लउटिस,लाउटिस
udar,उदर,उदार
khullamkhulla,खुल्लमखुल्ला,खुल्लमुखला
nitiyon,नितियों,नितियों
gin,जिन,जीआनएन
baila,बैला,बैला
iyah,सियाह,सियाह
gaye,गए,गये
daratey,डराते,डराेट
lokotaw,लोकोत्सव,लोकोत्सव
tarkvaad,तर्कवाद,तर्कवाद
eaten,सीटें,सीटें
kurmi,कुर्मी,कुरमी
hrikhand,्रीखंड,्रीखंड
hakhiyaten,ख्सियतें,ख्सीयतें
talaaha,तलाा,तलाा
cheekhana,चीखना,चीखना
jamloki,जमलोकी,जामलोकी
urvana,सुर्वणा,सुर्वाना
havkon,ावकों,वकों
vaigyaanik,वैज्ञानिक,वैज्ञानिक
amprbhuta,संप्रभुता,संप्रभुता
chadhen,चढ़ें,चढें
falibhoot,फलीभूत,फलीभूत
vidyaon,विद्याओं,विद्याओं
narnaari,नरनारी,नर्नारी
bhaagyoday,भाग्योदय,भाग्योदय
chauingha,चौसिंगा,चौसिंघा
nigmaayukt,निगमायुक्त,निग्मायुक्त
omwaar,साेमवार,सोमवार
tangirala,टेंगीरला,टांगीराला
log,लोग,लोग
jvaaron,ज्वारों,ज्वारों
jyada,ज़्यादा,ज्यादा
beraharamee,बेरहरमी,बेरहरामी
haimbalin,हैम्बलिन,हैमबलििन
haradil,हरदिल,हरािल
janeudharee,जनेऊधारी,जनेउधारी
haathe,हाथे,हाथे
bethlehem,बैथलहम,बेथलेहम
pataakhep,पटाक्षेप,पटाकेप
uhruhaa,सु्रुषा,सु्रुा
rajyamantreevatantra,राज्यमंत्रीस्वतंत्र,राज्यमंत्रततंत्त्र
iwan,सिवान,सिवान
tone,स्टोन,स्टोन
nau,नाऊ,नौउ
takheer,तसखीर,तसखीर
aaryika,आर्यिका,आरियका
greg,ग्रेग,ग्रेज
arthavyawathataaon,अर्थव्यवस्थताओं,अर्थव्यवस्तााओं
labeling,लेबलिंग,लेबिलिंग
ruhitaa,ऋषिता,रुिता
abhaen,सभाएं,सभाएँ
baker,बेकर,बकर
itibhagwatee,इतिभगवती,इतिभगवती
eemaai,सीमाई,सीमाई
khuraan,खुरासान,खुरासन
winter,विंटर,विंटर
jalbharav,जलभराव,जलभराव
nimkathana,नीमकाथाना,निमखाथाना
chhanyaa,छांयसा,छन्यासा
anghathanamantriyon,संगठनमंत्रियों,संघठनामतत्रियों
city,सिटी,सीआईटी
aapka,आपका,आपका
ah,साह,साह
aatmayen,आत्माएं,आत्मयें
dwn,डीडब्ल्यूएन,डीवीएन
bhupingh,भूपसिंह,भूपसिंह
bhraantiyon,भ्रांतियों,भ्रान्तियों
lengdan,लैंगडन,लेंगदान
capdhari,कैपधारी,कपधारी
baramad,बरामद,बारामाद
vanhvad,वंवाद,वन्वाद
pradhan,प्रधान,प्रधन
nutrio,न्यूट्रियो,न्यूट्रियो
oodkhoron,सूदखोरों,सूदखोरों
pratetent,प्राटेस्टेंट,प्रेटसेटेंट
pathyakramon,पाठ्यक्रमों,पथ्यकर्मों
producton,प्रॉडक्टों,प्रॉडक्टन
chalit,चालित,चलित
frektar,फ्रेक्टर,फ्रेक्टर
muthoot,मुथूट,मुठूत
nividaataaon,निविदाताओं,निविदाताओं
beetaane,बीताने,बीताने
arth,अर्थ,अर्थ
cambridge,कैंब्रिज,कैम्ब्रिज
baagoraa,बागोरा,बागोरा
jaljale,ज़लज़ले,जलजले
ambikaaon,अम्बिकाओं,अम्बिकाओं
fodo,फोड़ों,फोडो
vele,वेस्ले,वेसले
fulae,फुलाए,फुले
amvedikaran,संवेदीकरण,संवेदीकरण
chataa,चता,छटा
anuaarakaa,अनुसारका,अनुसराका
then,थेन,थेन
pratibaddhataa,प्रतिबद्धाता,प्रतिबद्धता
diyotiddh,दियोटसिद्ध,दियोत्सिद्ध
vimarhon,विमर्ों,विमर्षों
pulam,पुलम,पुलम
faiala,फ़ैसला,फैसाला
tantrikao,तंत्रिकाओं,तांत्रिकाओ
hield,सील्ड,िल्ड
pailoton,पायलटों,पैलोटोन
parivar,सपरिवार,स्पैरिवर
moe,मोसेस,मोसेस
pe,पेस,पीस
vapnika,स्वप्निका,स्वप्निका
aathaath,साथसाथ,साठसाठ
pittman,पिटमैन,पिटमैन
giriwaiyon,गिरिवासियों,गिरववसियों
yanit,यनित,यानित
khariya,खरिया,खरिया
dhatna,धटना,धटना
nitya,नित्या,नित्य
overall,ओवरऑल,ओवरल
coimbatore,कोयम्बटूर,कोइम्बेर
kakhaang,कक्षांग,कक्षांग
radico,रेडिको,रेडिको
mainan,मैनन,मैनन
iyai,सियासी,सियासी
datar,दस्तार,दस्तार
el,ऐल,एलएएल
jajmau,जाजमऊ,जजमाऊ
evalaa,सेवाला,सेवला
ladki,लड़की,लाड़ी
raktadataon,रक्तदाताओं,रक्तताताओं
maiore,मैसोर,मेसोर
gujar,गुजार,गुजर
yuddhanaukaa,युद्धनौका,युद्धनाका
dhyeywadi,ध्येयवादी,ध्येयवाडी
awaazen,आवाज़ें,अवाज़ें
kihun,किुन,किुन
niu,एनएसआईयू,एनएसयू
nagaada,नगाड़ा,नगाड़ा
tanta,तांता,टंटा
holiday,होलिडेस,होलीदास
johari,जोहरी,जोहरी
uddhaatan,उद्धाटन,उद्धातन
bhumi,भूमी,भूमी
ghatabadh,घटबढ़,घटबाा
dehdhaari,देहधारी,देहधारी
khandelwal,खंडेलवाल,खंडेलवाल
jut,जस्ट,जस्ट
tughlaq,तुगलक,तुघलक
dev,देव,देव
kalmein,कलमें,कलमें
kakoo,काकू,काकू
laguna,लगुना,लगुना
kualalampoor,कुआलालंपूर,कुलाललपूर
dabolim,डाबोलिम,दाबोलिम
theinga,ठेंगा,थेंगा
dlw,डीएलडब्ल्यू,डीएलवी
bawara,बावरा,बवारा
ummeede,उम्मीदे,उम्मेड़े
bauer,ब्युर,बॉउर
rollin,रोलिंस,रोलिंस
wyaakhyaatmaktaa,व्याख्यात्मकता,व्याख्यात्मकता
tanih,टैनिस,तनि
jacinto,जकिंटो,जेसिंटो
tyre,टायर,टाइर
mitaao,मिटाओ,मिटाओ
augututine,अगस्टाइन,अगस्टस्टीन
biji,बिजी,बिजी
uthapatak,उठापटक,उठपतक
propex,प्रॉस्पेक्स,प्रॉस्पेक्स
qabzaa,क़ब्ज़ा,क़बज़ा
harvanh,हरवं,हरवं
najib,नजीब,नाजिब
pick,पिक,पिक
wipkha,विप्ख,विवचा
eyarkandihnar,एयरकंडीनर,आयरक्नन्द्रन
hammond,हैमंड,हमोोंड
foda,फोड़ा,फोडा
hrehthawaroop,्रेष्ठस्वरूप,्रेष्ठस्वरूप
paithelojit,पैथेलॉजिस्ट,पैथेलोजिस्ट
dekhiyegaa,देखियेगा,देखियेगा
bhaaulaal,भाऊलाल,भौऊलाल
jedateeiaft,जेडटीईसाफ्ट,जेडेटासफिट
maood,मसूद,मसूद
protekt,प्रोटेक्ट्स,प्रॉटेक्स
detaan,डेटसन,देतासन
achan,सचन,सचन
pratikaara,प्रतिकारा,प्रतिकारा
janbhaavna,जनभावना,जनभावना
juye,जुए,जुये
thirty,थर्टी,थ्रिटी
naamajadagee,नामजदगी,नामाजदगी
ukhad,उखड,उखाद
beeeee,बीएसएसएस,बीजीस
pilot,पायलट,पिलोट
mindtree,माइंडट्री,मिंदत्री
pendulum,पेंडुलम,पें्डुलम
wetwork,वेस्टवर्क,वेस्टवर्क
narm,नरम,नर्म
aateraa,सातसेरा,सातसेरा
rangkata,रंजकता,रंगकता
jini,जिनी,जिनी
welding,वेल्डिंग,वेल्डिंग
banvaa,बनवा,बनवा
khilana,खिलाना,खिलाना
dabi,डाबी,दाबी
miti,मिति,मिती
jehe,जेहे,जेहे
raghuram,रघुराम,रघुराम
tungnath,तुंगनाथ,तुंगनाथ
oya,सोया,सोया
adanand,सदानंद,सदानंद
jyada,ज़यादा,ज्यादा
night,नाइट्रस,निघट्स
oto,सोटो,सोतो
vineet,विनीत,विनित
prativad,प्रतिवाद,प्रतिवाद
aawajon,आवाज़ों,आवाजों
harabon,राबों,राबो
avuti,आवृत्ति,अवुटी
juraab,जुराब,जुराब
ooraj,सूरज,सूराज
ghotaalebaajon,घोटालेबाजों,घोटालेबाओं
aphaaron,अफसराें,अफासरों
klozup,क्लोज़अप,क्लोजुप
jeevniyaan,जीवनियां,जीवनियाँ
honeywell,हनीवेल,होनेवेल
awathaen,अवस्थाएं,अवास्थाएं
doobnewaale,डूबनेवाले,डूबनेवाले
ektactor,एक्सटेक्टर,एकसस्टकटर
batiyo,बस्तियो,बस्तियो
ladeen,लड़ीं,लड़ीन
attahaa,अट्टहास,अट्ताहास
phoolatee,फूलती,फूलती
hataakharon,हस्ताक्षरों,हस्ताकारों
anyaya,अन्याय,अन्या
adhikaariyaan,अधिकारियां,अधिकारियाँ
capacitor,कैपेसिटर,कैपेजिटर
utpeedan,उत्पीडऩ,उटपीडन
barker,बार्कर,बार्कर
pratihthanon,प्रतिष्ठानोंं,प्रतिष्ठानों
baalti,बाल्टी,बालती
darati,डराती,दराती
bataayaaki,बतायाकि,बतायकी
joe,जोस,जोसे
eeaarjee,ईआरजी,ईयरजी
hamla,हमला,हमला
clair,क्लेयर,क्लेयर
canton,कैंटन,कैटन
rojlin,रोजलिन,रोजलिन
dabangon,दबंगों,दबंगों
cience,साइंस,साइंसे
beat,बीस्ट,बीअस्ट
idea,आईडिया,आईडीईएए
qraar,क़रार,क़्रा
khaen,खाएँ,खाएं
financier,फाइनेंसर्स,फाइनेंसियर्स
uthanee,उठनी,उठनी
chitranhi,चित्रांी,चित्रांी
maria,मारिया,मारिया
baawaraa,बावरा,बावरा
wipannta,विपन्नता,विपण्नता
uction,सक्न,सक्न
hillboro,हिल्सबोरो,हिल्सबोरो
phadphadaaen,फड़फड़ाएं,फड़फड़ाएँ
khetradwara,क्षेत्रद्वारा,क्षेत्रवादारा
arthavyavathaah,अर्थव्यवस्थाः,अर्थव्यवस्थाः
jivanhaili,जीवनैली,जीवनैली
nakali,नक्सली,नक्साली
yojnah,योजनाः,योजनाह
chhure,छुरे,छुरे
bail,बेसिल,बासिल
mta,एमटीए,एमटीए
pokar,पोकर,पोकर
puroohottamachary,पुरूषोत्तमाचार्य,पुरूषोत्तमाच्री
bechate,बेचते,बेचते
amaanat,अमानत,अमननत
pratihthaanon,प्रतिष्ठानोंं,प्रतिष्ठानों
hipping,िपिंग,िप्निग
ncrwc,एनसीआरडब्ल्यूसी,एनकीआरवीसी
brigg,ब्रिग्स,ब्रिग्स
thikane,ठिकाने,ठिकने
bhutal,भूतल,भूतल
forti,फोर्टिस,फोर्टिस
nokari,नोकरी,नोकाी
araha,सराहा,सराहा
prathmikta,प्राथमिकता,प्राथमिकता
vichaarakon,विचारकों,विचारकों
puhpa,पुष्प,पुष्पा
aagah,आग़ा,आगाह
bhakaa,भका,भका
hamalavar,हमलावर,हमलावर
trongville,स्ट्रोंगस्विल,स्ट्रॉन्गवासल
ahuuliyata,सहूलियत,सहूलियता
kachchhe,कच्छे,कच्छे
chauraiya,चौरसिया,चौरसिया
bhrahtaachaariyon,भ्रष्टाचारीयों,भ्रष्टाचारियों
pakaude,पकौड़े,पकौड़े
jetha,जेठा,जेठा
ditreebyootaree,डिस्ट्रीब्यूटरी,डिस्ट्रिबबयूटी
damaae,दमाए,दमाए
kailana,कायलाना,कैलना
namdhari,नामधारी,नमधारी
vaigyanikata,वैज्ञानिकता,वैज्ञानिकता
antrmukh,अंतर्मुख,अन्त्रमुख
gajra,गजरा,गजरा
kaega,कसेगा,कासेगा
dvivedi,द्विवेदी,द्वितेदी
tavire,तस्वीरे,तसवीरे
dhandhanya,धनधान्य,धनधध्या
kharuvaar,खरुवार,खरुवार
uba,सूबा,सुबा
guevara,गेवारा,गुएवारा
hiwalapurwa,िवालापुरवा,िवलापुरवा
watantraingh,स्वतंत्रसिंह,स्वतंत्रसिंह
uryadev,सूर्यदेव,सूर्यददेव
riane,रिसने,रिसाने
fawaare,फव्वारे,फ़वारे
time,टाइम,टीम
megapixal,मेगापिक्सल,मेगापिक्सल
kalaaanaa,कलसाना,कलसाान
bhal,भाल,भल
phikingah,फिक्सिंगः,फिकसििगाह
jalvayu,जलवायु,जलवायु
dvc,डीवीसी,डीवीसी
ohawal,सोहावल,सोहावाल
gaangnam,गांगनाम,गांगनाम
balkrihna,बालकृष्ण,बालकृष्ण
lapatta,लापत्ता,लपट्टा
baxter,बैक्सटर,बैक्सटर
vruton,वृत्तों,व्रुतों
championhip,चैंपियनिप,चैम्नििप
lehrayi,लहराई,लेहरी
perel,पेरेल्स,पेरेल्स
prathamik,प्राथमिक,प्रथमिक
vikakhand,विकासखण्ड,विकासखण्
reeve,रीव्स,रीव्स
zilaadhikaari,ज़िलाधिकारी,ज़िलाधिकारी
gaytri,गायत्री,गयत्री
vigyaanam,विज्ञानम,विज्ञानम
cochin,कोचीन,कोचिन
valve,वाल्व,वाल्वे
gene,जैने,जेनी
behar,बिहार,बेहर
daton,डैटसन,डाटसन
jita,जिता,जिता
prathmik,प्राथमिक,प्रथमिक
livaal,लिवाल,लिवाल
oran,ओरण,ओरन
apar,अपर,अपार
chatuhkoniya,चतुष्कोणीय,चतुष्कोनीय
chhejat,छीजत,छेजत
vandemataram,वन्देमातरम्,वंदेमततम
letakar,लेटकर,लेताकर
baitool,बैतूल,बैततूल
education,एजुकेन,एडुकेन
megapixel,मेगापिक्सल,मेगापिक्सल
qiwi,क्यूआईडब्ल्यूआई,क्वि
chee,ची,ची
navjaagaran,नवजागरण,नवजागरण
fulaaye,फुलाए,फुलाए
bein,बेसिन,बेसिन
tezpur,तेज़पुर,तेजपुर
rahegi,रहेगी,रहेगी
bowling,बोलिंग,बोवलिंग
anka,अंक,अंका
damapar,दमपर,दमापर
nurochemitry,न्यूरोकेमिस्ट्री,नूरोचेमिस्ट्री
titagarh,टीटागढ़,तिटागढ़
chounkate,चौंकाते,चौंकते
quah,स्क्वा,स्क्वा
vrihchikahaptah,वृ्चिकःसप्ताह,वृ्चिक्षप्ता
vivaranahbhaarateey,विवरणःभारतीय,विवरणहभभततती
phalitartha,फलितार्थ,फलितरर्था
heelabhang,ीलभंग,ीलाभंग
vigyaanon,विज्ञानों,विज्ञानों
nintie,नाइनटीज,निंटीज़
kahlaya,कहलाया,कहलाया
dibnoo,डिबनू,दिबनू
intaravyu,इंटरव्यु,इंतरवव्यु
monte,मोंटे,मोंटे
guna,गुना,गुना
dhawakon,धावकों,धावकों
tirthatan,तीर्थाटन,तीर्थातन
rehaana,रेहाना,रेहाना
bago,बागो,बागो
nividaataon,निविदाताओं,निविदाताओं
chauka,चौका,चौका
kpada,कपड़ा,कपाडा
nakalavaad,नक्सलवाद,नक्सलावाद
euclid,यूक्लिड,यूक्लिड
lovaa,लवासा,लोवासा
jaatak,जातक,जाटक
ahab,साहब,सहब
udeepton,सुदीप्तों,सुडीपटन
bowie,बोवी,बुवी
praudh,प्रौढ,प्रुध
raahtra,राष्ट्रा,राष्ट्र
vedon,वेदों,वेदों
khaatadhaarak,खाताधारक,खाताधारक
mukarrar,मुक़र्रर,मुकर्रर
prekhakganon,प्रेक्षकगणों,प्रेक्षकगणों
kumar,कुमार,कुमार
karmaacharee,कर्माचारी,कर्मचारी
chi,ची,सी
iqbal,इक़बाल,इक़बाल
nanyaulaa,नन्यौला,नन्यौला
haryana,हरयाणा,हर्याना
ratlam,रतलाम,रतलाम
daiy,डेजी,डेसी
roopeh,रुपे,रूपे
hrankhalaaon,्रंखलाओं,्रंखलाओं
evai,सेंवई,सेवाई
uki,उसकी,उसकी
kahaavah,कहावह,कहावः
equent,सेक्वेंट,सिक्वेंट
reduction,रिडक्न,रेडक्न
khitabon,खिताबों,खितबों
peedablyootee,पीडब्ल्यूटी,पीडब्लियूट
dhamaanaa,धस्माना,धसमाना
buena,बुएना,बुएना
tain,स्टैन,स्टैन
aayn,सायं,साँ
pratiyukti,प्रतियुक्ति,प्रतियुक्ति
bairhat,बसीरहाट,बसिरहाट
anchalnon,संचालनों,संचलनों
kauhalta,कौलता,कौलता
jadhav,जाधव,जाधव
ingaar,सिंगार,सिंगार
bareli,बरेली,बरेली
dhunai,धुनाई,धुनाई
aainthoo,आइंथू,ऐंठतो
ghareebon,ग़रीबों,घरीबों
daaw,दाव,दाव
nauhad,नौाद,नौाद
gurjar,गुर्जर,गुर्जर
pidilite,पीडीलाइट,पीडिलाइट
chaudahavan,चौदहवां,चौदहवान
darhnaarthi,दर्नार्थी,दर्नार्ती
janbhavna,जनभावना,जनभवाना
hairam,हैरम,हैरम
hreneeh,्रेणीः,्रेनीह
rozlyn,रोजलिन,रोजलिन
dhakal,ढकाल,धकल
galatfahmi,ग़लतफ़हमी,गललतफमी
nodarani,नोडरानी,नोदरनी
kaabilegour,काबिलेगौर,काबिलेगौर
bhaada,भादस,भादस
claon,क्लासों,क्लासन
electrotex,इलेक्ट्रोटेक्स,इलेक्ट्रोटेक्स
ganjhoo,गंझू,गंझूओ
hreemahapurn,्रीमहापूर्ण,्रीमहापूर्ण
gayen,गाएं,गायेन
waphoto,स्वफ़ोटो,स्वफोटो
hanon,हेनसन,हंसों
omi,सोमी,सोमी
error,एरर,एरोर
bulletin,बुलेटिन,बुलेटटन
uchnah,सूचनाः,सूचनाह
lutf,लुत्फ,लुटफ
aadiwadiyon,आदिवादियों,आदिवादियों
awal,सवाल,सावल
faadi,फाड़ी,फादी
aguta,अगस्ता,अगुस्ता
brahmvarta,ब्रह्मवर्ता,ब्रह्मवर्ता
audhyogikaran,औद्योगिकरण,औध्योगीकरण
rupa,रूपा,रुपा
neurocientit,न्यूरोसाइंटिस्ट्स,न्यूरोसाइंटिस्ट
barrackpore,बैरकपुर,बैरककपपोर
idukki,इड्डुक्कि,इदुक्की
zuari,जुवारी,ज़ुअरी
dwt,डीडब्ल्यूटी,डीवीटी
anyonyahritta,अन्योन्या्रितता,अन्योययिष्््तता
hong,हॉन्ग,होंग
tikone,तिकोने,टिकोने
altamonte,एल्टामोंटे,एल्टामोटी
mukehwaree,मुके्वरी,मुके्वरी
poorwajanmon,पूर्वजन्मों,पूर्वजनमों
purzon,पुर्जों,पर्ज़ों
prapat,प्रपात,प्रपत
bahawalpur,बहावलपुर,बहावलपुर
varnit,वर्णित,वर्णित
ingha,सिंहा,सिंघा
richakra,्रीचक्र,्रीचक्र
lahanaa,लहना,लहना
kaarwaai,कार्वाई,कारवाई
apcotex,एपकोटेक्स,एपोकेट्स
tcn,टीसीएनएस,टीसीएनएस
texa,टेक्सस,टेक्सा
raith,रैथ,रैय
aboodaane,साबूदाने,सबूदाने
jhamaaten,ज़मातें,झमातें
attraikt,अट्रैक्ट,अट्रैक्ट
packageon,पैकेजों,पैकेजन
chhahon,छहों,छहों
offhor,ऑफोर,आफ्ॉर
affle,एफल,एफ़ल
larry,लैरी,लार्
varnankartaaon,वर्णनकर्ताओं,वर्णकर््ताओं
mahapatra,महापात्रा,महापत्र
maulvidon,मौलवियों,मौलविडोन
talkhow,टॉको,तलक्षोव
niyuttiyon,नियुत्तियों,नियुत्तियों
riva,रिवास,रिवास
novato,नोवाटो,नोवाटो
jababee,जबाबी,जबाी
rihte,रि्ते,रि्ते
ikhrul,उखरुल,इखरुल
ghumaan,घुमाण,घुमाँ
vidagdhaa,विदग्धा,विद्घगा
dhaarak,धारक,धारक
peediyon,पीड़ियों,पीड़ियों
charit,चरित,चरित
triya,त्रिया,त्रिया
flint,फ्लिंट,फ़्लिंट
paraamarhak,परामर्क,परामर्षक
duar,दुआर,दुआर
rihtey,रि्ते,रि्टे
dharmapoorwee,धर्मपूर्वी,धर्मापूर्वी
aflata,सफ़लता,सफलता
ubbanee,सुब्बनी,सबबनी
oeeef,ओईएफ,ईईईएफ
haavakon,ावकों,ावकों
wiheh,विे,विेष
cadmium,कैडमियम,कैडमियम
banjajaam,ब्ंजजसम,बंजाजसम
policy,पालिसी,पोलिसी
motihari,मोतिहारी,मोतीहारी
ghot,घोस्ट,घोस्त
francica,फ्रांसिस्का,फ़्रेंसिकास
loowe,लूवे,लूवे
aamatee,आसमती,आस्मती
matmaula,मस्तमौला,मस्तमूला
awahit,अविष्ट,आवािष्ट
charanbaddha,चरणबद्घ,चरणबाद्ध
tueday,ट्यूजडे,तुएसदे
prabodhini,प्रबोधिनी,प्रबोधिनी
uthni,उठनी,उठनी
pegav,पेगव,पेगाव
burleon,बर्ल्सन,बर्लेसन
vidhivat,विधिवत,विधिवत
financial,फाइनेंसियल,फाइनेंियल
athath,साथसाथ,साठसा
latakakar,लटककर,लटकाकर
beni,बैनी,बेनी
mangla,मंगला,मंगला
takeinider,टेकइनसाइडर,टेकीनससििर
daampatya,दांपत्य,दामपत्य
raubadar,रौबदार,रौबदार
dow,डीओडब्ल्यू,डोव
dukhiyon,दुखियों,दुखियों
kanaal,कनाल,कनाल
nihlani,निहलानी,निहलानी
lalkarta,ललकारता,लालकर्ता
taaza,ताजा,ताज़ा
gopaalak,गोपालक,गोपालक
rihiraj,ऋषिराज,ऋषिराज
mayajaal,मायाजाल,मायज़ल
chidhate,चिढ़ते,चिढ़ते
denewaali,देनेवाली,देनेवाली
haamidan,हामिदन,हामिदन
chamach,चमच,चमाच
viangatiyaa,विसंगतिया,विसंगतिया
mithyaachariyon,मिथ्याचारियों,मिथ्याचारियों
thane,थाणे,थने
cigretton,सिगरेटों,सिग्रेटन
outh,साउथ,साउथ
apaat,सपाट,सपात
hokhat,होखत,होखत
mangalinh,मंगलसिंह,मंगलसिंह
vitthal,विट्ठल,विठ्थल
dubna,डूबना,दुबना
phalne,फलने,फलाने
jalgti,जलगति,जलगती
mahapran,महाप्राण,महाप्रण
panter,पंटर,पैंटर
augutine,अगस्टाइन,अगस्टीन
murgipalan,मुर्गीपालन,मुर्गीपालन
warnankartaaon,वर्णनकर्ताओं,वर्णकर्ताओं
hankacharaachaarya,ंकचराचार्य,ंकचराचार्य
waton,वॉटसन,वाटसन
apane,सपने,सपने
dhaak,धाक,ढाक
achyut,अच्युत,अच्युत
ulati,सुलाती,सुलती
pradarhan,प्रर्दन,प्रदर्न
cronfrening,क्रान्फ्रेंसिंग,क्रोनफ्रललंसिं
ihuntaa,सिहुंता,सिहुनता
aunpengi,सौंपेंगी,सौनपेंगी
arvjaateeya,सर्वजातीय,सर्वजातीय
abhimat,अभिमत,अभिमत
thitiyan,स्थितियां,स्थितियां
chhupata,छुपता,छुपता
management,मैनेजमेंट,मैनेजमेंट
yakhadhipati,यक्षाधिपति,यक्षादिपति
nakalwaad,नक्सलवाद,नक्सलवाद
jodhikaa,जोधिका,जोधिका
parikhankartaon,परीक्षणकर्ताओं,परीक्षणकर्ताओं
hreeganganagarvaaiyon,्रीगंगानगरवासियों,्रीगंगावासााििोो
chanan,चानन,चनन
pratipaalpur,प्रतिपालपुर,प्रतिपालपुर
dablyoopidi,डब्ल्यूपीडी,डब्लूयोपिडी
bhihm,भीष्म,भिष्म
fijoolkharchi,फिजूलखर्ची,फिजोलखारची
vipannata,विपन्नता,विपन्नता
prathaanon,प्रस्थानों,प्रस्थानों
bernard,बर्नार्ड,बर्नार्ड
vaimanaya,वैमनस्य,वैमनस्य
mazboori,मज़बूरी,मजबूरी
petaluma,पेटालुमा,पेतलुमा
vadali,वडाली,वडाली
diamond,डायमंड,डायमाण्ड
ihunta,सिहुंता,सिहुंता
ghigghee,घिग्घी,घिगघी
reja,रेजा,रेजा
aaipief,आइपीएफ,एआईपीईएफ
hymen,हाइमन,ह्येमन
mwp,एमडब्ल्यूपी,एमवीपी
gray,ग्रे,ग्रे
evava,एवव,एवा
fatehpur,फ़तेहपुर,फ़तेहपुर
udant,उदंत,उड़ांत
chhalla,छल्ला,छल्ला
lohati,लोहाती,लोहती
hrabon,राबों,्रबोन
maurya,मौर्या,मौर्य
ujjain,उज्जैन,उज्जैन
bataaya,बाताया,बताया
montclair,मोंटक्लेयर,मोंटकेलर
lehna,लहना,लेन्ाा
kribarabh,कृबरभ,कृरबाा
denier,डेनिअर,डेनियर
ria,रिया,रिया
ichchhee,इच्छी,इच्छी
gurdon,गुर्दों,गर्डों
churu,चूरू,चुरु
parone,परोसने,परोसने
amjhera,अमझेरा,अमझेरा
varnikaa,स्वर्णिका,स्वर्णिका
newtet,न्यूटेस्ट,न्वेटस्ट
indriyonke,इन्द्रियोंके,इंद्रियोंके
chutile,चुटीले,च्यूटाइल
fazalon,फजलों,फ़ज़लों
rookvaai,रुकवाई,रुकवाई
achchi,अच्छी,अच्ची
vaayatthaan,स्वायत्तासन,स्वायतत््ासन
mtech,एमटेक,मटेच
ghaziabad,ग़ाज़ियाबाद,गाज़िबादा
mitra,मित्रा,मितरा
neko,नेको,नेको
aga,सागा,सागा
morrion,मोरीसन,मोरिसन
virodhabhai,विरोधाभासी,विरोधाभासी
dafan,द़फन,दफन
indaurnagar,इंदौरनगर,इन्दौरनगर
zavala,ज़वाला,ज़ाला
mahin,महीन,माहिन
bhulata,भूलता,भुलता
brahmaiddhi,ब्रह्मसिद्धि,ब्रह्मसिद्धि
manner,मैनर,मैनर
valad,वलसाड,वालसाद
emdablyupiel,एमडब्ल्यूपीएल,एमडाब्लियूपल
pahtuun,प्तून,प््ुुन
aprihary,अपरिहार्य,अपरहिरी
ferth,फर्थ,फर्थ
praveenchand,प्रवीनचंद,प्रवींचन्द
dadrewa,ददरेवा,ददरेवा
evaala,सेवाला,सेवाला
erica,एरिका,एरिका
gyatvy,ज्ञातव्य,ग्ञाव्ीी
patachep,पटाक्षेप,पटाचेप
lalaniya,ललानिया,ललानिया
kutta,कुत्ता,कुट्टा
adhiwa,अधिवास,अधिवास
tevree,तेवरी,तेवरी
chennai,चेन्नई,चेन्नाई
microfiber,माइक्रोफाइबर,माइक्रोफाइबर
deabathula,देसबथुला,देसाबथुला
vartman,वर्तमान,वर््मन
mimicry,मिमिक्री,मिमिक्री
fixingah,फिक्सिंगः,फििकसििगाह
emi,एमी,एमी
tyoharon,त्यौहारों,त्योहरों
tinplate,टिनप्लेट,टिंपलेट
pratigyapoorn,प्रतिज्ञापूर्ण,प्रतिज्ञापूर्ण
purnia,पूर्णिया,पुर्निया
ramjeelaal,रामजीलाल,रामजीलाल
nmdc,एनएमडीसी,एनएमडीसी
bhranti,भ्रांति,भ्रांती
mad,मैड,मद
uja,सूजा,सूजा
jeevraaj,जीवराज,जीवराज
chuka,चौका,चुका
catalloy,केस्टालॉय,कैस्टलॉय
cincinnati,सिनसिनाटी,सिनसिनेटी
bakhhate,बख्ते,बख्ते
yogabal,योगबल,योगाबल
top,स्टॉप्स,स्टॉप्स
hulkah,ुल्कः,ूल्का
khurpaka,खुरपका,खुरपका
ghataaegi,घटाएगी,घटाएगी
rane,राणे,रने
kukreja,कुकरेजा,कुकरेजा
vidhaanee,विधाणी,विधानी
diya,दीया,दिया
neu,एनईयू,नेउयू
montebello,मोंटेबेल्लो,मोंटेबेलो
byaawa,ब्यावर,ब्यावा
dilaaega,दिलाएगा,दिलागा
roa,रोज़ा,रोसा
weccha,स्वेच्छा,स्वेचा
ballebaajee,बल्लेबाज़ी,बल्लेबाजी
gullaravaalaa,गुल्लरवाला,गुलरावाला
vangchuk,वांगचुक,वांगचुक
inghaadey,सिंघाड़े,सिंघाड़े
dehbhaktimaya,देभक्तिमय,देभक्तिमय
patil,पाटिल,पतिल
pravrittivigyanon,प्रवृत्तिविज्ञानों,प्रवृत्तिि्यान्नों
rukwaakar,रुकवाकर,रुकवाकर
cipla,सिप्ला,सीआईपीएलए
independence,इंडिपेंडेंस,इंडिपेंडेंसस
purvapekhaaon,पूर्वापेक्षाओं,पूर्वपेक्षाओं
gujarana,गुजारना,गुजरना
herrera,हेरेरा,हेरेरा
fatahee,फटही,फतही
banaam,बनाम,बनाम
navaa,नवा,नवा
avegyanik,अवैज्ञानिक,आवेज्ञानिक
fijulkharchi,फिजूलखर्ची,फिजूलखर्ची
avru,अवरु,अवरू
jalagati,जलगति,जलगती
beard,बियर्ड,बियर्ड
murgeepalan,मुर्गीपालन,मुर्गीपालन
ved,वेड,वेद
jayalalithaa,जयललिता,जलललिथा
plu,पल्स,प्लस
abhiyuktonke,अभियुक्तोंके,अभियुक्तोंके
chinke,छींके,चिंके
udaya,उडाया,उदया
urf,उर्फ,यूआरएफ
kaabiletaareef,काबिलेतारीफ,काबिलेतरीफ
ecuador,इक्वाडोर,ईकुअडोर
fode,फोड़े,फोड
jagdalpur,जगदलपुर,जग्दलपुर
yatna,यत्न,यातना
juhantan,जुान्तान,जुान्तन
abut,एबट,अबट
gazi,गाज़ी,गज़ी
uplabdhiyon,उपलब्धियों,उपलब्धियों
cricketing,क्रिकेटिंग,क्रिकेटिंग
rigal,रीगल,रिगल
aphalt,एस्फाल्ट,असफल्ट
ilaaj,इलाज़,इलाज
ulhaapur,उल्हासपुर,उल्हासपुर
manzil,मंजिल,मांजिल
jue,जुए,जुए
robarto,रोबर्तो,रोबारटो
ilchar,सिल्चर,सिलचार
murgeepaalan,मुर्गीपालन,मुर्गीपालन
ropee,रोपी,रोपी
chhupkar,छुपकर,छुपकर
penhan,पेंषन,पेंान
malwan,मालवान,मललान
lamba,लाम्बा,लम्बा
laxmeeniyaan,लक्ष्मीनियां,लक्षसमीनियाँ
gujaarne,गुजारने,गुजारने
feka,फेका,फेका
tripura,त्रिपुरा,त्रिपुरा
pratinidhikaaree,प्रतिनिधिकारी,प्रतिनिधिकारी
tel,तेल,तील
icc,आइसीसी,आईसीसी
brigadier,ब्रिगेडियर,ब्रिगेडियर
jamati,जमाती,जमाती
krueger,क्रुएगर,क्रूजर
bronch,ब्रॉन्च,भड़्ंच
anupama,अनुपमा,अनुपामा
khaayal,क़ायल,खायल
bajaj,बजाज,बजज
vayamwikrat,स्वयंस्वीकृत,स्वयंस्््ृृत
renewable,रिन्यूएबल्स,रेनेवबब्स
chakhu,चक्षु,चक्षु
maulviyon,मौलवियों,मौलवियों
ojha,ओझा,औझा
nagarik,नागारिक,नागरिक
aphault,एस्फाल्ट,असफफल्ट
phwc,पीएचडब्ल्यूसीएस,पीवीएकसी
hafate,हांफते,हफते
mukehvari,मुके्वरी,मुके्वरी
mahalon,महलों,महलों
chhatenee,छतेनी,छटेनी
yaaddaaht,याद्दा्त,यादद््
mukehwari,मुके्वरी,मुके्वरी
moolchand,मूलचंद,मूलचन्द
prana,प्राना,प्राना
doe,डोसे,दोसे
elfie,सेल्फी,सेल्फी
ate,अते,एटीई
pf,एसपीएफ,एसपीएफ
ratanpur,रतनपुर,रतनपुर
bhapaai,भपाई,भपाई
maujud,मौजुद,मौजूद
tagde,तगड़े,तागडे
raigulization,रैगुलाइजेन,रायगुलाइजेन
karaboriyon,काराबोरियों,करबबबरियों
barheey,बर्षीय,बर्ीय
tomar,तोमर,तोमार
ambience,आंबियंस,एम्बियंस
ailaaneepan,सैलानीपन,सैलानीपन
pehowa,पेहोवा,पहोवा
bannari,बन्नारी,बन्नारी
juloo,जूलूस,जूलोस
anchalanon,संचालनों,संचालों
heerhakon,ीर्षकों,ीर्षकों
canterbury,कैंटरबरी,केंटरबबी
bangravala,बंगरावाला,बंग्रावाला
dukaanon,दुकानों,दुकानों
anton,एंटोन,अंटॉन
dampati,दंपति,दम्पति
kamaljeet,कमलजीत,कमलजीत
raktdaataaon,रक्तदाताओं,रक्तदाताओं
araaymohiuddeenpur,सरायमोहिउद्दीनपुर,सारायमहिद्नननदुर
emile,एमिल,एमिले
urakhaah,सुरक्षाः,सूरक्षाह
verion,वर्न,वर्न
qazi,काजी,क़ाज़ी
chikhali,चिखली,चिखाली
uthaaeange,उठाएँगे,उठाएंगे
virechan,विरेचन,विरेचन
dukhon,दुखों,दुखों
tavaaron,तस्वारों,तस्वारों
pfaudler,फाउडलर,प्फाउलर
julaahon,जुलाहों,जुलाहों
avhiht,अविष्ट,अविष्ट
dikhaee,दिखाईं,दिखाई
deepn,दीपन,दीपन
varga,वर्गस,वर्गास
maddy,मैडी,मैडी
anvari,संवरी,साँवरी
harpal,हरपाल,हर्पाल
raidcra,रैडक्रास,रेडक्रास
kerala,केरला,केराला
hawnee,ॉनी,ाननी
jhanktaa,झांकता,झंकता
klein,क्लेन,क्लेन
uchchaadhikaareeyo,उच्चअधिकारीयो,उच्चाचिककरियो
vadli,वडाली,वडली
khagyaar,खग्यार,खाग्यार
rattebaajee,रट्टेबाजी,रत्तेबाजी
wanon,वाणों,वनों
lalaaniyaa,ललानिया,ललानिया
talaahegaa,तलाेगा,तलाेगा
dukanon,दुकानों,दुकानों
bhurbhura,भुरभुरा,भुरभूरा
antarmukh,अंतर्मुख,अंतरमखु
anyonyahritata,अन्योन्या्रितता,अन्योययिष््रता
dootaay,दूताय,दूताय
hakikat,हकीकत,हकीकत
oklahoma,ओक्लाहोमा,ओकलाहोमा
bhraanti,भ्रांति,भ्रान्ति
cigniti,सिग्निटी,सिगनिटी
adhiwaktaagan,अधिवक्तागण,अधिवक्तगण
croby,क्रॉस्बी,क्रॉसबी
badaaen,बड़ाएँ,बड़ाएँ
coldvel,काल्डवेल,कोल्डवेल
atraikt,अट्रैक्ट,अट्रैक्ट
raktadaataaon,रक्तदाताओं,रक्तदाताओं
bagh,बाग,बाघ
pariamvad,परिसंवाद,परिसमवाद
kaathiyavadi,काठियावड़ी,काठियावाडी
q,क्यूएसएस,केक्यूआर
thermax,थरमैक्स,थर्मैक्स
jiyo,जीयो,जियो
paathhaalaayein,पाठालाएं,पाठालाएँ
uchhalne,उछालने,उछलने
cw,सीडब्ल्यू,सीवी
haniwar,निवार,निवार
marlborough,मालबर,मार्लबोरोग
gadhoonga,गाड़ूँगा,गढ़ूँगा
propectu,प्रोस्पैक्ट्स,प्रॉस्पेक्टस
kanalog,कनलोग,कानालोग
arguja,सरगुजा,सारगुजा
katihar,कटिहार,कतिहार
authoritee,ऑथोरिटी,अथोरीटी
manokaamnaaon,मनोकामनाओं,मनोकामनाओं
bender,बेंडर,बेंडर
afalt,एस्फाल्ट,असफल्ट
praarakon,प्रसारकों,प्रसारकों
thiyeter,थियेटर्स,थाइेटर्स
hichkichaa,हिचकिचा,हिचकीचा
arya,आर्यो,आर्य
mahanatam,महानतम,महानतम
raagon,रागों,रागों
phoodon,फूडॉन,फूदों
haqeeqat,हकीकत,हाीक़त
tockton,स्टॉकटन,स्टॉककॉन
mariyo,मारियो,मरिियो
anihtata,अनिष्टता,अनिष्टता
charlotte,ार्लेट,चार्लोट
wadhawan,वधावन,वाधवां
pradhaannagar,प्रधाननगर,प्रधाननगर
mangalmoortih,मंगलमूर्तिः,मंगलमूर्ति
doobat,डूबत,दूबत
lim,लिम,लिम
himali,हिमाली,हिमाली
nabz,नब्ज़,नब्ज
pradadhikariyon,प्रदाधिकारियों,प्रदाधिकारििों
xiong,ियोंग,्योंग
antree,संत्री,सन्त्री
faani,फांसी,फाँसी
oochnah,सूचनाः,सूचनाह
bokaro,बोकारो,बोकारो
trenton,ट्रेंटन,ट्रेनटन
hattieburg,हैटीज़बर्ग,हेटिटसार्ग
panchang,पंचांग,पंचांग
aaufiaree,ऑफिसरी,आफिसररी
talwar,तलवार,तलवार
gandhipura,गांधीपुरा,गांधीपुरा
viabal,विसबल,विसबल
rupeh,रुपे,रुपे
aatera,सातसेरा,सातसेरा
palmonari,पल्मोनरी,पाल्मनारी
bichchon,बिच्चों,बिच्चों
buddharam,बुद्धाराम,बुद्धाराम
vareinye,वरेण्य,वरेंये
da,दा,डेए
apatey,सपाटे,सपते
laamiyaan,लामियां,लामियाँ
cementation,सीमेंटेन,सीमेंटेन
chauk,चौक,चौक
hraddhavanon,्रद्धावानों,्रद्धावनों
ghumakkdon,घुमक्कड़ों,घुमक्कड़ों
raktaabh,रक्ताभ,रक्तभ
khaataur,ख़ासतौर,खास्तौर
balty,बाल्टी,बाल्टी
chheter,छेत्र,छेतर
lincoln,लिंगकन,लिनकॉल
bitagond,बिस्तागोंड,बिस्टागंड
caining,स्कैनिंग,स्काइनिंग
zuban,ज़ुबान,जुबान
uriname,सूरीनाम,सुरिनामे
ganapathy,गणपति,गणापपी
aavriti,आवृत्ति,आवृति
ander,सेंडर्स,सैंडर्स
trap,ट्रैप,ट्रैप
bhattacharya,भट्टाचार्य,भट्टाचार्य
ira,सिरसा,सिरसा
malhotra,मल्होत्रा,मल्होत्रा
pratibaddhata,प्रतिबद्धाता,प्रतिबद्धता
errano,सेरानो,सेर्रानो
bahunt,बहुंत,बहुंत
development,डेवलपमेंट,डेवलपमेंट
odom,ओडोम,ओडोम
rigg,रिग्स,रिग्स
haanadhikaariyon,ासनाधिकारियों,ासनाधिकारियों
anjivan,संजीवन,संजीवन
eneeaardablyuee,एनसीआरडब्ल्यूसी,एनसाईर्ड्यूपलजज
rahya,रह्या,राह्या
paryaptta,पर्याप्तता,पर्याप्तता
yuugi,युसूगी,युसुगी
amarillo,अमारिलो,अमेरिलो
atmaen,आत्माएं,अटमेन
banbi,बांबी,बाबबी
ean,ॉन,सेन
twitter,ट्विटर्स,ट्विटर्स
mendez,मेंडेज़,मेंडेज
upadrawon,उपद्रवों,उपद्राों
mukhyopadhyaay,मुखोपाध्याय,मुख्योपध्याय
kamarhati,कमारहाटी,कमरहती
mahamantra,महामंत्र,महामात्र
item,आइटम्स,आइटेम्स
muflii,मुफलिसी,मुफलिसी
mate,मेट,मटे
tithi,स्तिथि,स्थिथि
uhagin,सुहागिन,सुहागिन
daihawaalaa,डैवाला,दैावाला
badam,बदाम,बदम
obrayan,ओब्रायन,ओब्रययन
chimati,चिमटी,चिमति
anhaankan,अंांकन,अंांकन
phooltee,फूलती,फूलती
flin,फ्लिन,फ़्लिन
amajjanon,समाजजनों,समाज्जनों
avarodhak,अवरोधक,अवरोधक
wpd,डब्ल्यूपीडी,वेपीडी
taja,ताजा,ताजा
ubhaay,सुभाय,सुभाय
renuka,रेनुका,रेणुका
racer,रेसर,रेसर
falne,फलने,फलने
palmer,पाल्मर,पाल्मर
mehman,मेहमान,मेहमान
ujback,उज़्बेक,उजबैक
praanangalee,प्राणसंगली,प्रांसंगगली
aeronautic,एरोनॉटिक्स,एरोनॉटिकक्
immune,इम्युन,इम्यून
nelon,नेल्सन,नेल्सन
clifton,क्लिफ्टन,क्लिफ़्टन
dhoondhata,ढूंढता,ढूँधता
ubal,उबाल,उबल
baavadee,बावडी,बाँवडी
nagraj,नागराज,नागराज
infibeam,इन्फिबीम,इनफीबम
autin,ऑस्टिन,आस्टिन
nrutyon,नृत्यों,न्रुत्यों
alaymani,अलयमनी,अलयमाणी
prakandh,प्रकाण्ड़,प्रकं्ध
paengerjind,पैसेंजरजींद,पासेन्गरिंंं
raghupati,रघुपति,रघुपति
kabaddi,कबड्डी,कबाद्दी
adaqen,सडक़ें,सद़ेे
naidillee,नईदिल्ली,नैदिल्ली
multiplexon,मल्टिप्लेक्सों,मल्टिप्लेक्सन
dehra,देहरा,देहरा
raahtron,राष्ट्रोंं,रा्ट्रों
vaitravati,वैत्रवती,वैत्रवती
dork,डॉर्क,डॉर्क
tantro,तंत्रों,तन्त्रो
amoa,सामोआ,समोआ
raakhe,राखे,राखे
khetron,क्षेत्राें,क्षेत्रों
yauniktaa,यौनिकता,यौनिकता
janahikha,जनिक्षा,जननिक्षा
gyonth,ग्योंठ,ज्योन्थ
alliance,एलियंस,एलियेंस
follow,फ़ॉलो,फोलोवा
khaakar,ख़ासकर,खासकर
mizoram,मिज़ोरम,मिज़ोरम
pokhriyal,पोखरियाल,पोखरियाल
advaitwad,अद्वैतवाद,अद्वैतवाद
kav,काव,कव
jagadeehachandra,जगदीचंद्र,जगदीांद्रका
tara,तरस,तारास
poorvapekhaaon,पूर्वापेक्षाओं,पूर्वेपक्षाओं
allout,ऑलआउट,अलाउट
colan,कोलन,कोलन
ovum,ओवम,ओवुम
rizvi,रिज़वी,रिजवी
doda,डोडा,दोडा
haino,हसीनों,हासिनो
lynch,लिंच,लिंच
depthiriya,डिप्थीरिया,देप्थिरिया
dibanu,डिबनू,दिबानु
amanwayaka,समन्वयक,सामावायका
jankaron,जानकारों,जनकरों
phatne,फटने,फटने
udhampur,उधमपुर,उधमपुर
teap,टिप,टीप
dubana,डूबना,दुबाना
afradganj,सफरदगंज,सफरदगगंज
dhandhekhori,धंधेखोरी,धन्ेखोरी
jaanam,जानम,जानम
wiwekadhikaron,विवेकाधिकारों,विवेकाधाकरों
pakhpat,पक्षपात,पक्षपत
amanati,अमानती,अमनती
eattle,सीऐटल,सीटल
varnavyavathaavaadiyon,वर्णव्यवस्थावादियों,वर्णवायवस्तादायियों
dilaega,दिलाएगा,दिलेगा
kuriyon,कुर्सियों,कुर्सियों
vidyuteekrit,विद्युतीकृत,विद्युतीकृत
manhattan,मैनहट्टन,मानहट्टन
andaajee,अंदाजी,अंदाजी
kranj,करंज,क्रंज
chandrapur,चंद्रपुर,चंद्रपुर
leandro,लियान्ड्रो,लीन्ड्रो
poorvapekhaon,पूर्वापेक्षाओं,पूर्वेपक्षाओं
kanthahar,कंठहार,कंठहार
langron,लंगरों,लांग्रों
aagaman,आगमन,आगमन
darjano,दर्जनों,दर्जनो
jhabua,झाबुआ,झबुआ
vaataanukooliton,वातानुकूलितों,वातानुकूतों
haanfte,हांफते,हांफते
aviation,ऐवीऐन,एविएन
pehni,पहनी,पहनी
mejbaani,मेजबानी,मेजबानी
pinj,स्पिन्ज,स्पिंज
ataher,अतहर,अताहेर
hrikar,्रीकर,्रीकर
placentia,प्लेसेंटिया,प्लेसेंििया
pratithaan,प्रतिस्थान,प्रतिस्थान
ihaara,इारा,ईारा
kuhwaha,कुवाहा,कु्वाहा
everet,एवरेस्ट,एवरेस्ट
gaayikao,गायिकाओ,गायिकाओ
parichar,परिचर,परीचर
bhrahtachareeyon,भ्रष्टाचारीयों,भ्रष्टाचारियों
joddta,जोड़ता,जोड़ता
prawrutriyon,प्रवृत्रियों,प्रावरूत्रियों
raajthanwaiyon,राजस्थानवासियों,राजस्थानावासियों
tadanruti,तदंरुस्ती,तदनुरस्ति
daw,दाव,देव
catlin,कैटलिन,कैटलिन
damle,दामले,दमले
tulhida,तुलसीदास,तुलिदास
haahie,हािए,हािये
maadhikhedhaa,माड़ीखेड़ा,माधिखाड़ा
attraa,अट्टरा,अट्रा
ghrutakumaaree,घृतकुमारी,घुरुकमुराी
baadhaon,बाधाओं,बाधाओं
upneta,उपनेता,उपनेटा
pradehikaa,प्रदेिका,प्रदेिका
khatriyaadi,क्षत्रियादि,क्षत्रियादी
khalan,स्खलन,स्लान
khand,खंडा,खण्ड
jamaate,जमाती,जमाते
handiyaa,हंडिया,हंडिया
nihpaap,निष्पाप,निष्पाप
nirdehika,निर्देिका,निर्देिका
dubona,डुबोना,दुबोना
tyohar,त्यौहार,त्योहार
cruce,क्रुसेस,क्रसेस
lider,स्लाइडर,स्लाइडर
niyantaaon,नियंताओं,नियंताओं
paltane,पलटने,पालताने
hreeganganagarwaaiyon,्रीगंगानगरवासियों,्रीगंगावााििियोो
peelepan,पीलेपन,पीलेपन
rikailleebrehan,रिकैलीब्रेन,रिकलिलबेरन
inghade,सिंघाड़े,सिंघड़े
judne,जुडने,जुड़ने
inghde,सिंघाड़े,सिंगधे
farheen,फरहीन,फरहीं
divyata,दिव्यता,दिव्यता
chatakaate,चटकाते,चटकाते
trikaldarhee,त्रिकालदर्ी,त्रिकलद्री
tadipar,तड़ीपार,तड़ीपर
jenen,जेन्सन,जेंसेन
lahun,लहसुन,लाहसून
ranjkatha,रंजकता,रंजकााा
burch,बर्च,बुर्क
kmere,कमेरे,केमेर
dit,डिट,दीत
padengee,पड़ेंगी,पड़ेगी
wayam,स्वयँ,स्वयम
kurukhetra,कुरुक्षेत्र,कुरुक्षेत्र
chandramaon,चंद्रमाओं,चंद्रमाओं
kauplaik,काॅप्लेक्स,कौपलैक्स
krantidhara,क्रांतिधरा,क्रानििधरा
andhabhakto,अंधभक्तो,अंधभक्तो
webuniyadi,वेबुनियादी,वेबुनियाडी
najarandaaz,नजरंदाज,नज़रनदाज़
ballabh,बल्लभ,बल्ला
zarakh,जरख,जराख
mejbani,मेज़बानी,मेजबानी
arkaa,सरका,सरका
jaatakon,जातकों,जाटकों
module,मॉड्यूल,मोडुले
ujhati,सुझाती,सुझाती
fiad,फ़ीसद,फिसाद
heelbhag,ीलभंग,ीलभाग
apj,एपीजे,एपीजे
protect,प्रोटेक्ट्स,प्रोटेक्ट्स
nimnavat,निम्नवत्,निम्नावत
pirit,स्पिरिट्स,स्पाइरिट्स
cant,कांट,कैन्ट
jhuthla,झुठला,झुंला
baabat,बाबत,बाबत
yatraein,यात्राएं,यात्रएं
chipakane,चिपकने,चिपकने
nucleu,न्यूक्लियस,न्यूक्यूलस
hurooh,ुरूः,ुरूह
introduction,इंट्रोडक्न,इंट्रडक्न
jhulae,झुलए,झुले
bull,बुल,बुल
karyakartriyon,कार्यकर्त्रियों,कार्यकर्त्रियों
font,फॉन्ट,फोन्ट
paco,पास्को,पैस्को
offhore,ऑफोर,आफ्सहोर
madhya,मध्य,माध्य
kambalon,कंबलों,कंबलों
kraanfrening,क्रान्फ्रेंसिंग,क्रान्फ्रल्सिंग
bheera,भीरा,भीरा
bhuhan,भूषण,भूषण
haak,ासक,सक
kurvi,कर्वी,कुर्वी
amit,अमित,अमित
prarup,प्रारूप,प्रारुप
ipah,सिपाह,सिपाह
kurvetee,कुर्वेती,कुरवेती
electromagic,इलेक्ट्रोमैजिक,इलेक्ट्रोमाबिक
mantarimandaliya,मंत्रिमंडलीय,मंतरििमंडलीय
nabha,नाभा,नाभा
aatik,आस्तिक,आस्तिक
ahakalakar,सहकलाकार,सहकलाकर
niptakar,निपटाकर,निपटककर
dradh,दृढ़,द्रध
neetiyon,नीतियों,नीतियों
dabochne,दबोचने,दबोंचे
baithate,बैठते,बैठते
khatakhataakar,खटखटाकर,खटकथाकार
iddhalingaa,सिद्दालिंगा,सिद्धलिंगा
bhira,भीरा,भिरा
darawani,डरावनी,दरावाणी
nathdwara,नाथवाड़ा,नाथद्वारा
vihwaniiyataa,वि्वसनीयता,वि्वसिनीयता
gangajal,गंगाजल,गंगाजल
parmehwarpur,परमे्वरपुर,परमे्वरपुर
haantiyon,ांतियों,ांतियों
tandon,टंडन,तांडों
upachy,सुपाच्य,सुपाची
dhaah,ढाह,धाह
machaye,मचाए,मचाए
chaudhavan,चौदहवां,चौधवान
hoaf,हॉफ,होफ
taylorville,टेलर्सविले,टेल्योर्सिल
amdi,आमदी,आमदी
abudana,साबुदाना,सबुदाना
ikhin,सीखीं,सिखिन
bowling,बाउलिंग,बोवलिंग
bechkar,बेचकर,बेचकर
dhundhta,ढूंढता,धूंधता
puroohottampur,पुरूषोत्तमपुर,पुरूषोतत्मपपुर
angheeyataa,संघीयता,संघीयता
jalanadhan,जलसंसाधन,जलसंसानन
hurley,हर्ले,हुर्ले
udip,सुदीप,सुदिप
utthak,उठ्ठक,उत्ठक
daraatee,डराती,दराती
raahtrapit,राष्ट्रपित,राष्ट्रपित
eetal,एसेटल,एसेटल
guduri,गुदुरी,गुडूरी
pehnate,पहनता,पहनेटे
jivaniya,जीवनियां,जीवणिया
pali,पाली,पाली
paratrooper,पैराट्रूपर,पैराट्रुपर
jhaauganj,झाउगंज,झाऊगंज
aurora,औरोरा,औरोरा
hooper,हूपर,हूपर
hat,षट्,्ट
tavaron,तस्वारों,तस्वरों
mulchand,मूलचंद,मुलचन्द
ghumakkdi,घुमक्कड़ी,घुमक्ड़ी
pakhandi,पाखंडी,पखंडी
dejeu,डिजीसस,देजसस
maamalonmen,मामलोंमें,मामलोोमें
chhelai,छेलै,छेलई
nirbaadh,निर्बाध,निरबाद
jarvi,जार्विस,जरवीस
jagaragallu,जगारागल्लू,जगगरल्लू
girkar,गिरकर,गिरकर
ponding,पोंडिंग,पोंडिंग
baramula,बारामुला,बारामुला
antadiyan,अंतडियां,अन्तदियां
grihmotav,ग्रीष्मोत्सव,गृष्मोत्सव
gaano,गानो,गाँो
gaaligalauj,गालीगलौज,गालिगाहाज
kandrour,कंदरौर,कन्दरोर
pichde,पिछड़े,पिचडे
karaahanaa,कराहना,कराहना
andarkhane,अंदरखाने,अंद्रखाने
irani,इसरानी,इसरानी
bloom,ब्लॉसम,ब्लॉसम
uiyan,सूइयां,सुइयाँ
mayendranath,मत्स्येंद्रनाथ,मस्येन्द्रनाथ
broke,ब्रोक,ब्रोके
atke,अटके,अटके
uchi,सूची,सूची
mitchell,मिचेल,मिचेल
apate,सपाटे,सपते
retreate,रीट्वीट,रिट्रीट
manchiya,मंचीय,मंचिया
laganewale,लगनेवाले,लगानेवाले
malegaon,मालेगांव,मालेगांव
hackenack,हैकेंसैक,हैकेंसक
baantin,बांटीं,बांतीं
aapdaein,आपदाएं,आपदाएं
mitriyan,मिस्त्रियां,मिस्त्रियां
mobile,मोबाइल,मोबिले
vidyutikrit,विद्युतीकृत,विद्युतकृतत
mohim,मोहिम,मोहिम
carbogen,कार्बोजेन,कार्बोजन
murgipaalan,मुर्गीपालन,मुर्गीपालन
airtel,एयरटेल,एर्टेल
wamy,स्वामी,स्वमी
khatedaar,खातेदार,खतेददार
kubuddin,कुबुद्दीन,कुबुद्दीन
glaxomithkline,ग्लैक्सोस्मिथक्लीन,ग्लास्कोमिटीलललन
hundiya,हंडिया,हुण्डिया
nihra,नि्रा,नि्र
maap,माप,माप
khan,खान,खन
jeenon,जीनों,जीनों
ubala,उबाला,उबाला
andhol,संधोल,संधोल
chhednaa,छेड़ना,छेदना
najibabaad,नजीबाबाद,नाजीबाबाद
veronica,वेरोनिका,वेरोनिका
dayton,डेटन,देयतों
farm,फाॅर्म,फर्म
dhavakon,धावकों,धवकों
jutati,जुटाती,जुटती
afari,सफारी,सफरी
coachella,कोचेला,कोचेला
mae,मस्से,मससे
upakhyanon,उपाख्यानों,उपख्यानों
zalana,झालाना,ज़लाना
ahanka,आंका,आांका
chauki,चौकी,चौकी
avrutiyon,आवृत्तियों,अवरुतियों
iragitti,सिरगिट्टी,सिरागिटी
dablyoopeedee,डब्ल्यूपीडी,डेब्लुरिपी
adrgh,अद्र्घ,अद्रघ
contracting,कॉन्ट्रेक्टिंग,कॉन्ट्रैक्टिंग
ghummakkadon,घुमक्कड़ों,घुमकमकड़ों
communicator,कम्युनिकेटर्स,कम्मुनिकेटर्
karavaayegee,करवायेगी,करवायेगी
hakhayen,ाखाएं,ाखाएं
humali,ुमाली,ुमाली
milk,मिल्क,मिल्क
verger,वर्गर,वर्गर
badbolepan,बड़बोलेपन,बडबोलेपन
mhajan,महाजन,महाजन
de,डीई,डीई
mitao,मिटाओ,मिटाओ
jaatiyon,जातियों,जातियों
gammat,गम्मत,गम्मत
lega,लेगा,लेगा
nihkarhah,निष्कर्षः,निष्कर्ा
langaron,लंगरों,लंगगरों
deheva,देसेवा,देसेवा
katal,कताल,कटल
khataur,ख़ासतौर,खस्तौर
navate,नवाते,नवते
haamjeebhaaee,ामजीभाई,ामजीभाई
karkhele,करखेले,करखेले
centennial,सेंटेंनियल,सेंटेननिियल
mominatolaa,मोमिनटोला,मोमिनेटाला
blackburn,ब्लैकबर्न,ब्लैकबुनर
prahanik,प्रासनिक,प्रासिनक
udghoh,उदघोष,उद्घो
ahovaliya,साहोवालिया,सहोवलीय
flower,फ्लावर्स,फ्लोवर्स
koottaa,कूत्ता,कूटता
nihlaani,निहलानी,निहलानी
mavey,मावे,मावे
laphj,लफ्ज,लाफज
unaeer,सुनासीर,सुनसीर
prabhaanmantree,प्रभानमंत्री,प्रभानमंत्री
cutlery,कटलरी,कुटली
mum,मम,मुम
vivekadhin,विवेकाधीन,विवेकधिन
jindagee,जिदंगी,जिंदगी
gandha,गंध,गंढा
fatma,फातमा,फतमा
chadron,चादरों,चदरों
chinmani,चिनमणि,चिनमानी
batao,बताअाे,बताओ
nerolac,नेरोलेक,नेरोलैक
franciko,फ्रांसिस्को,फ्रांसिक्सो
bilae,बिलाई,बिलाई
rakhna,रखना,रखना
chhudwaya,छुड़वाया,छुड़वाया
aahriton,आ्रितों,आ्रितों
jiwan,जीवन,जीवान
paarampariktaa,पारंपरिकता,पारमपरिकता
maxwell,मैक्सवेल,मैक्वेल
bharamaa,भरमा,भरमा
alary,सैलरी,सैलरी
kaera,कसेरा,कसेरा
nanhe,नन्हें,नन्हें
braande,ब्रान्डेस,ब्रांडेस
ear,इअर,ईईआर
likhehain,लिखेहैं,लिखेहैं
lebalon,लेबलों,लेबालों
telon,तेलों,तेलों
aurato,औरतो,औरतो
tribhaahaa,त्रिभाषा,त्रिभाषा
mithhaiyaan,मिठाइयाँ,मिथियाँ
eddie,एड्डी,एडी
yaaddaahta,याद्दा्त,यादद््ता
bagbagichon,बागबगीचों,बगबबीखों
badamaahon,बदमााें,बदमाों
pardei,परदेसी,परदेसी
tarikon,तरीक़ों,तारिकों
krendron,क्रेन्द्रों,क्रेन्ड्रोन
chootile,चुटीले,चूटिले
alexandria,एलेक्जेंड्रिया,एलेक्सांड्रिया
anam,अनम,अनाम
wating,वेस्टिंग,वास्टिंग
chandana,चंदन,चंदना
khetren,क्षेत्रें,क्षेत्रेन
gaumutra,गौमूत्र,गौमुत्र
maidi,मैडी,मैदी
prtigyaa,प्रतिज्ञा,प्रतिज्ञा
oond,सूंड़,सूंद
utaahawarddhan,उत्साहवर्द्धन,उत्साहार्धन्न
aaryana,आर्यनस,आर्यानास
gujarat,गुजरात,गुजरत
hould,ुड,ोल्ड
airway,एयरवे,एरवे
behuria,बहुरिया,बेहुरिया
tate,स्टेट,स्टेट
undaram,सुंदरम,सुन्दरम
watikakaar,स्वास्तिकाकार,स्वस्तिकार
parmehvarpur,परमे्वरपुर,परमे्वरपुर
rujanvigyaani,सृजनविज्ञानी,स्रजनजीव्यानी
bhatnagar,भटनागर,भटनागर
nahargadh,नाहरगढ,नहरदगढ़
bekhvaabiyaan,बेख्वाबियां,बेखवाबियाँ
aakandon,आकंड़ों,आकांडों
waco,वाको,वैको
manaa,मनासस,मानासास
aurakhit,असुरक्षित,असुरक्षित
evening,ईवनिंग,इवेनिंग
media,मीडिया,मेडिया
anvaree,संवरी,संवरी
jalapot,जलपोत,जलापोट
patrani,पटरानी,पत्रानी
nirdal,निर्दल,निरदल
kangan,कंगन,कंगग
daav,दाव,दाव
bhara,भरा,भरा
khanna,खन्ना,खान्ना
bhutto,भुट्टो,भुट्टो
jagriti,जागृति,जगृति
midwet,मिडवेस्ट,मिडवेस्ट
faureni,फारेंसिस,फ़ौरेंसिस
haao,ाओ,ाओ
laengee,लाएंगी,लाएगी
waaamukt,वसामुक्त,वसामुक्त
naqab,नक़ाब,नकाब
labelon,लेबलों,लबेलों
hadadhi,दधि,ादाधि
daulatabad,दौलताबाद,दौलताबाद
dubaana,डुबाना,दुबाना
generat,जेनरेट,जेनरेट
nakam,नाकाम,नकाम
nahik,नािक,निक
kaavyavidhaaon,काव्यविधाओं,काव्यविधाओं
bidar,बीदर,बिदर
uankrut,सुसंस्कृत,सुसास्करतु
pahunchogee,पहुंचोगी,पहुंचोगी
inaano,इंसानो,इनसानो
niya,निया,निया
vidhamaan,विधमान,विधामन
ilectromeetar,इलेक्ट्रोमीटर,इलेक्ट्रोमीटर
cup,कप,सीयूपी
chuneen,चुनीं,चुनीं
jeewan,जीवन,जीवाँ
aagaahe,आगाे,आगाे
bhavihya,भविष्य,भविष्य
kuchchh,कुच्छ,कुच्छ
ulkhan,सुलखान,सुल्खन
chikitaevam,चिकित्साएवं,चिकित्सावसम
bhui,भूसी,भूसी
phaibrik,फाइब्रिक,फैबबरिक
ravel,रवैल,रेवेल
hilig,हीलिग,हिलिग
rahugaan,रहुगाँ,राहुगाँ
putle,पुतले,पुतले
bean,बीन,बेन
widroop,विद्रूप,विदरूप
mukhyamantripatana,मुख्यमंत्रीपटना,मुख्यमंत्रपपततता
inano,इंसानो,इनसानो
valkkan,वल्कन,वा्ककन
mohindar,माेहिंदर,मोहिंदर
peeran,पीरान,पीरन
luna,लूना,लूना
chhetri,छेत्री,छेतरी
tray,स्ट्रे,स्ट्रे
jyothy,ज्योथी,ज्योथी
flynn,फ्लिन,फ़्लिन
mohe,मोे,मोे
farmic,फार्मिक,फर्मिक
view,व्यू,व्यू
karghe,करघे,कार्घे
hivatava,िवास्तव,िवस्तव
chadhne,चढ़ने,चढ़ने
raajthanvaiyon,राजस्थानवासियों,राजस्थानावासियों
ahyaatre,सहयात्री,सह्यात्रे
akola,अकोला,अकोला
ahara,सहरसा,सहरसा
eel,एस्सेल,एस्सेल
kathhnaeeyon,कठनाईयों,कठनहियों
jimafarohee,जिस्मफरोी,जिसमाररोी
rocket,रकेट,रॉकेट
balehwar,बाले्वर,बाले्वर
aliance,अलायंस,एलिएंस
praavine,प्राविंसेस,प्राविन्सेस
bechakar,बेचकर,बेचकर
gail,गेल,गीएएल
itrailiyon,इस्त्राइलियों,इस्तराइलियों
ghataatop,घटाटोप,घटातोप
murrieta,मुर्रिएटा,मुरियेता
aflataa,सफ़लता,सफलता
peranormal,पैरानॉर्मल,पेरानोर्मल
taavij,तावीज,ताविज
anyuktawatha,संयुक्तावस्था,संयुक्तत्वाा
aditya,आदित्या,आदित्य
bhautikwadiyon,भौतिकवादियों,भौतिकवादियों
giridih,गिरिडीह,गिरिडीह
teemaardaron,तीमारदारों,तीमारदारों
raghavan,राघवन,रघावन
najariyon,नजरियों,नज़ारियों
equitie,इक्विटीज,इक्विटीज
bateeh,बस्तीः,बस्तीह
badhaati,बढ़ाती,बढ़ाती
purvaabhaa,पूर्वाभास,पूर्वाभास
darhaana,दर्ाना,दर्ाना
lynchburg,लिंचबर्ग,लाइनचब्रुग
roanoke,रोनोक,रोनाको
uraj,सूरज,सुराज
yudhrat,युद्धरत,युधरत
bravo,ब्रावो,ब्रावो
raunakh,रौनक़,रौनाख
jivaniyaan,जीवनियां,जीवनियां
takah,तकः,तकाह
jhaadaa,झाड़ा,झाड़ा
dwirookta,द्विरुक्त,द्विरूक्त
ditrabyuter,डिस्ट्रब्यूटर्स,डिस्ट्राब्युटरर्स
pahno,पहनो,पह्नो
ubhregaa,उभरेगा,उभरेगा
nagine,नगीने,नागिएन
rijanvigyanee,सृजनविज्ञानी,्रीजनिि््वयानी
putli,पुतली,पुतली
urff,उर्फ,यूआरएफएफ
mezbaan,मेजबान,मेज़बान
hichkicha,हिचकिचा,हिचकीचा
clariant,क्लैरिएंट,क्लैरियंट
khammam,खम्मम,खम्म
bachti,बचती,बचती
barhad,बरहद,बरहड़
rahtriyadhyakha,राष्ट्रियाध्यक्ष,राष्ट्रियाधक्षा
gatrology,गैस्ट्रोलॉजी,गैस्ट्रोलोजी
johnon,जॉनसन,जोहसनन
vihvwandhya,वि्ववंद्या,वि्ववंध्या
durghatna,दुर्घटना,दुर्घटना
ayra,सायरा,सायरा
dampatya,दांपत्य,दमपपत्या
vyaktigat,व्यक्तिगत,व्यक्तिगत
aaryam,आर्यम्,आर्यम
laamiyan,लामियां,लामियाँ
gadbadbadee,गड़बड़बड़ी,गडबबदीी
macon,मैकॉन,मैकों
phyician,फिजिियन,फिजिजियन
haokip,हाओकिप,हाओकिप
engine,इंजन्स,इंजिन्स
formuley,फार्मूले,फॉर्म्यूली
judai,जुदाई,जुड़ाई
poole,पूल,पूले
matiyaanaa,मतियाना,मतियाना
chara,चरस,चरस
trimaik,त्रैमासिक,त्रिमासिक
nikaalni,निकालनी,निकालनी
mogali,मोगली,मोगली
tyre,टायर्स,टायर
vatar,वाटर,वतर
korola,कोरोला,कोरोला
molina,मोलिना,मोलिना
rekannecting,रिकनेक्टिंग,रिकेन्क्््ििंग
dhairyavaan,धैर्यवान,धैर्यवान
uthane,उठने,उठने
bagichi,बगीची,बागीची
alto,ऑल्टो,अल्टो
jha,झ,झा
dayitva,दायित्व,दयितता
alayan,अलायंस,अलायन
baapa,बापा,बापा
mudichu,मुडिचु,मुदिचु
rockford,रॉकफोर्ड,रॉकफोर्ड
ubhaara,उभारा,उभारा
antayant,अन्त्यन्त,अन्तायंत
gehlot,गहलोत,गेहलोट
amadhiyon,समाधियों,समाधियों
vihvarakt,वि्वरक्त,वि्वर्क्त
teekon,टीकों,टीकों
margarita,मार्गरिटा,मार्गरिटा
warnavyavathaavaadiyon,वर्णव्यवस्थावादियों,वर्णवायवस्तादायियों
urinama,सूरीनाम,सुरिनामा
muth,मूठ,मुथ
charon,चारों,चरों
vihnupura,विष्णुपुरा,विष्णुपुरा
dhabhaahaaraa,धभाारा,धभाारा
makarh,मकरः,मकरर
lah,स्लै,स्ला
buenaventura,ब्युनावेंचुरा,बुएनावेंतररा
udaan,उड़ान,उड़ान
forcee,फारसी,फोर्सी
devlaha,देवलहा,देवलाहा
mahabalehwar,महाबले्वर,महाबले्वर
gond,गोंद,गॉन्द
utpidan,उत्पीडऩ,उटपिदन
phainn,फैंन,फैन्न
naameegiraamee,नामीगिरामी,नामीगररमी
kaathiyavadee,काठियावड़ी,काठियावीड
hikaarico,हिकारिको,हिकारिको
dhwanimikon,ध्वनिमिकों,ध्वनिमिकों
beck,बेक,बीक
phatahee,फटही,फतही
fontana,फोंटाना,फोंटाना
fallujaa,फ़ल्लूजा,फल्लुजा
dotanapurna,दोस्तानापूर्ण,दोस्तनापूर्ण
ankritiyan,संस्कृतियां,संस्कृतियां
urgent,अर्जेंट,अर्जेंट
jhuthlane,झुठलाने,झुंलने
maangi,मांगी,माँगी
rohtak,रोहतक,रोहतक
prahnottari,प्र्नोत्तरी,प्र्नोत्तरी
montgomery,मोंटगोमरी,मोंटगोमेरी
purnveekrit,पुर्नस्वीकृत,पूर्नस्वृतत
avyavaayi,अव्यवसायी,अव्यवसायी
arhind,सरहिंद,सरहिंद
dam,डम,डाम
dealerhip,डीलरिप,डीलरिप
lairi,लैरी,लाइरी
mundwa,मुंडवा,मुंडवा
puroohottamapur,पुरूषोत्तमपुर,पुरूषोत्तमपुर
wargadoot,स्वर्गदूत,स्वर्गाूत
khinchakar,खिंचकर,खिंचकर
hounga,होऊंगा,होंगा
nation,नेंस,नेन्स
ubhrega,उभरेगा,उभरेगा
cerebra,सेरेब्रा,सेरेब्रा
himamaanav,हिममानव,हिमामाव
gentry,जेन्ट्री,जेंटरी
pranon,प्राणों,प्रणों
plokee,प्लोस्की,प्लोसकी
harvey,हार्वे,हर्वी
mihra,मि्रा,मिरा
pipra,पिपरा,पीआईपीआरए
datun,डैटसन,दात्सुन
darhnaarthee,दर्नार्थी,दर्नार्थी
appaanwaalee,सप्पांवाली,सप्पानवाली
timberwala,स्टिम्बेरवाला,स्टिम्बरावाला
kurami,कुरमी,कुरामी
munaf,मुनाफ,मुनाफ
ankhyaen,संख्याएं,संख्याएँ
ahuja,आहूजा,अहुजा
ikhaaega,सिखाएगा,सिखायगा
jivati,जीवति,जिवती
titan,टाइटन,टिटटन
acevedo,एस्वेडो,एसीवेडो
gm,जीएसएम,जीएमएस
enid,एनिड,एनिड
amy,एमी,एमी
bhugta,भुगता,भुगता
findlay,फाइंडले,फिंडले
thaki,थकी,ठकी
chicopee,चिकोपी,चिकोपी
theateron,थियेटरों,थीएरेोन
mukhyamantriyon,मुख्यमंत्रियाें,मुख्यमंत्रियों
arkarein,सरकारें,सरकारें
tair,तासीर,तासिर
jyaada,ज़यादा,ज्यादा
mukhyamantri,मुख्यमंत्री,मुख्यमंत्री
neelaabh,नीलाभ,नीलाभ
kaaragujaariyaan,कारगुजारियां,कारगुजारियाँ
adani,अदाणी,अडानी
divya,दिव्य,दिव्या
umadatee,उमड़ती,उमड़ती
uthani,उठनी,उठनी
damae,दमाए,दमाई
dhammaa,धम्मा,धम्मा
bhagyehwar,भाग्येष्वर,भागे्वर
prapti,प्राप्ती,प्रप्ती
aaram,सासाराम,ससाराम
vartmaan,वर्तमान,वर्तमान
akron,अक्रोन,आक्रों
kelly,केली,केली
ritukaant,ऋतुकांत,ऋतुकान्त
nacl,एनएसीएल,एनईसीएल
lalmanee,लालमणी,लालमानी
warthparak,स्वार्थपरक,स्वार्थपारक
lahlahati,लहलहाती,लहलाहटी
vladimir,व्लादिमीर,व्लादिमिर
ahariri,अरीरी,आरीरी
utton,सट्टन,सटटन
im,सीम,सिम
jodhpur,जोधपुर,जोधपुर
liberation,लिबरेन,लिबरेन
glendale,ग्लेंडल,ग्लेंडलल
koriyaah,कोरियाः,कोरियां
tarkwaad,तर्कवाद,तर्कवाड़
abhaar,साभार,सभार
lakeer,लकीर,लाकर
pedoo,पेडू,पेडू
mulon,मूलों,मूलों
umi,सुमि,सुमी
parikhao,परीक्षाओ,परीक्षाओ
mithya,मिथ्या,मिथ्या
jokhimabharaa,जोखिमभरा,जोखीमाभरा
cret,क्रेस्ट,क्रेस्ट
baagbagichon,बागबगीचों,बागबबिखों
bindal,बिन्दल,बिंदल
rana,राणा,राणा
menrajya,मेंराज्य,मेनराज्य
brewerie,ब्रेवरीज,ब्रेवरीज
hving,्विंग,्विंग
khatakati,खटकती,खटकती
properphaebook,प्रॉपरफेसबुक,प्रोपरफ़बूजिक
duhtaapurvak,दुष्टतापूर्वक,दुष्टापरर्वक
pahla,पहला,पहला
accelya,एक्सेल्या,अक्सेल्या
jatakon,जातकों,जटकों
hairatangenz,हैरतअंगेज़,हैरातेंजें
thin,थींं,थिन
kochchih,कोच्चिः,कोच्छी
girivaaiyon,गिरिवासियों,गिराविसियों
kaavyoktiyaan,काव्योक्तियां,काव्यकोतियाँ
lozano,लोज़ानों,लोजााोो
anurit,अनुरीत,अनुरित
liberation,लिब्रेन,लिबरेन
khatakti,खटकती,खटकती
foodon,फूडॉन,फूदों
lagavaatee,लगवाती,लगवती
vayatthaan,स्वायत्तासन,स्वायत्तासन
chaudhawan,चौदहवां,चौधावां
chuchiyaan,चूचियां,चुचियाँ
alo,एएलओ,अलो
kyooaaeepeee,क्यूआईपीएस,क्युआईपीस
bapaa,बापा,बपा
linda,लिंडा,लिंडा
peeechdablyooeee,पीएचडब्ल्यूसीएस,पीचबड्सियोसि
mckenzie,मैकेंज़ी,मैकेंजी
activitie,ऐक्टिविटीज,एक्टिविटी
achivement,अचीवमेंट,एचीवमेंट
dhamkata,धमकाता,धमकता
afaikarmi,सफाईकर्मी,सफाईकर्मी
evakon,सेवकों,सेवकों
jaipur,जयपुर,जैपुर
ankrition,संस्कृतिओं,संस्कृतिओं
bhola,भोला,भोला
uchikitaa,सुचिकित्सा,सुचिकित्सा
hmil,मिल,्मिल
tein,स्टीन,स्टेन
jiya,जिया,जिया
kubuddeen,कुबुद्दीन,कुबुद्दीन
ghontanaa,घोंटना,घोंटाना
brown,ब्राउन,ब्रॉन
nyootriyo,न्यूट्रियो,न्यूत्रियो
kide,कीड़े,काइड
ghai,घासी,घासी
kauhik,कौिक,कौिक
ma,मास,मस्स
hringaar,ृंगार,्रृंगार
udhed,उधेड़,उधेद
ajja,सज्जा,सज्जा
aadivaadiyon,आदिवादियों,आदिवादियों
atmev,सत्मेव,सतमेव
jagayega,जगाएगा,जगयेगा
chaukhate,चौखटे,चौखते
ripan,रिपन,रिपन
tanu,तनु,तणु
dharmarajne,धर्मराजने,धर्मराजने
achnera,अछनेरा,अचनेरा
raayanon,रसायनों,रसायनों
gtor,जीतोड़,जीटीओर
baripada,बारिपदा,बरीपाड़ा
gujarata,गुजारता,गुजरता
durdhara,दरदरा,दुरधरा
uppidan,उप्पीड़न,उपिपदन
wanon,स्वानसन,स्वांसन
angadh,अनगढ़,अंगढ़
haakir,ाकिर,ाकिर
chungiyon,चुंगियों,चुंगियों
ghairakaanoonee,ग़ैरकानूनी,घैराकानूनी
villa,विला,विल्ला
paradhin,पराधीन,पराधीन
pratikaraa,प्रतिकारा,प्रतिकारा
andaman,अंडमान,अं्दमन
akhan,सक्न,सक्न
lindon,लिंडन,लिंडन
uven,सुवेन,सुवेन
athiya,साथिया,सथिया
arymaa,अर्यमा,अर्यमा
ehgal,सहगल,सेहगाल
europlat,यूरोप्लास्ट,यूरोप्लास्ट
evav,एवव,एवव
preranaapuree,प्रेरणापुरी,प्रेरणापुरी
verification,वैरीफ़िकेन,वरििफिकेन
gaur,गौर,गौर
bharatwanhee,भारतवंी,भारतवंी
mukhyamantriyon,मुख्यमन्त्रियों,मुख्यमंत्रियों
ghumaaee,घुमाई,घुमाई
funkane,फुंकने,फुनकाने
bona,बोना,बोना
dikhaai,दिखार्इ,दिखाई
kyuaik,क्यूसैक्स,क्यूसैक्स
want,वांट,वान्ट
aaboorod,आबूरोड,आबूरोड़
udhaaratee,सुधारती,सुधारती
awathi,अवस्थी,अवास्थि
amarpal,अमरपाल,अमरपाल
neemkathana,नीमकाथाना,नीमकथाना
davindarpal,दविन्दरपाल,दविन्दरपाल
ikthiyoi,इक्थियोसिस,इक्थियोसिस
arya,आर्यों,आर्य
inurance,इं्योरेंस,इन्सुरंस
kamtar,कमतर,कमतर
jing,जिंग,जिंग
polythenon,पॉलिथीनों,पोलिथेनोन
galaega,गलाएगा,गलाएगा
mahbubnagar,महबूबनगर,महबूबानगर
irpur,सिरपुर,सिरपुर
hbana,बाना,बाना
kahyap,क्यप,का्यप
cement,सिमटे,सेमेंट
narbhakhi,नरभक्षी,नरभक्षी
fadfadaen,फड़फड़ाएं,फड़फड़ान
maanga,मांगा,माँगा
dhamana,धस्माना,धामसाना
ajajja,साजसज्जा,सज्जसाजा
darhana,दर्ाना,दर्ाना
kontrekting,कॉन्ट्रेक्टिंग,कोन्ट्रकेटिंग
jayalalitaa,जयललिता,जयललिता
mathew,मेथिव्स,मैथव्स
nahargarh,नाहरगढ,नहरगढ़
peck,पेक,पीक
rehman,रहमान,रहमेन
nbcc,एनबीसीसी,एनबीसीसी
duhkriyaa,दुष्क्रिया,दुष्क्रिया
wgpl,डब्ल्यूजीपीएल,वीजीपीएल
khatri,खत्री,खतरी
rihtedaaro,रि्तेदारो,रि्तेदारो
tyauharon,त्यौहारों,त्याहोरों
puhkar,पुष्कर,पुष्कर
jud,जूड,जुड
machine,मीन,मीन
bagali,बागली,बगाली
mood,मूड,मूद
fuhadtaa,फूहड़ता,फुहड़ता
vinaht,विनष्ट,विनाष्ट
durgapur,दुर्गापुर,दुर्गपुर
tonk,टोंक,टोंक
varhan,वर्न,वर्षन
paimaih,पैमाइ,पैमै
hr,एचआर,एचआर
lui,लुइस,ल्यूस
taaja,ताजा,ताजा
cricket,क्रिकेट,क्रिकेट
liphaaphaa,लिफ़ाफ़ा,लिफाफ़ा
oochnaah,सूचनाः,सूचनाह
vyavadhan,व्यवधान,व्यवधान
generic,जेनरिक,जेनरिक
parnel,पार्नेल,पारनेल
priyadarhini,प्रियदर्िनी,प्रियादरिनी
baataaya,बाताया,बाताया
pagabadha,पगबाधा,पगबाढा
chhawindra,छविंद्र,छविन्द्र
kauhal,कौल,कौल
dayitvon,दायित्वों,दयित्ोो
mejbani,मेजबानी,मेजबानी
yaddaht,याद्दा्त,यद्दष्ट
abbott,एबोट,अबॉट
ahooliyata,सहूलियत,सहूलियता
alayamanee,अलयमनी,अलयमनी
pearon,पियरसन,पर्सन
rame,रस्मे,रसमे
rangate,रंगते,रंगते
tewree,तेवरी,तेवरी
ajara,अजस्र,अजासरा
miktaam,मिकटॉम,मिक़तम
unan,सूनसान,सुनसन
tugalaki,तुगलकी,तुगलकी
wokha,वोखा,वोखा
patiala,पटियाला,पतियाला
pailot,पायलट,पैलोट
varnika,स्वर्णिका,स्वर्णिका
nadep,नाडेप,नादेप
breed,ब्रीद,ब्रीड
hogi,होगिस,होगिस
jyotihi,ज्योतिषि,ज्योतिषी
chacchaa,चच्चा,चच्छा
aptkraanti,सप्तक्रांति,सप्तक्रांति
fineotex,फिनोटेक्स,फाइनोटेक्स
gond,गोंड,गॉन्द
dhoraaji,धोराजी,धोराजी
eneeaardablyooee,एनसीआरडब्ल्यूसी,एनसाइर्ड्योोसिली
nyutet,न्यूटेस्ट,न्युटेस्ट
monterey,मोंटेरे,मोंटेरी
eide,सीड,साइदे
hutting,ुटिंग,टिंग
firmian,फर्मिऑन,फिरमियान
karaikal,कराईकल,करैकल
fefda,फेफड़ा,फेफडा
little,लिटिल,लिटल
punahthapana,पुनःस्थापना,पुनःस्थापना
nilkamal,नीलकमल,निल्कमल
gurdapur,गुरदासपुर,गुरदासपुर
dhuan,धुआं,धुआँ
prakaahit,प्रकाषित,प्रकाित
anonditaa,अनोंदिता,अनोंदिता
failaiye,फैलाइए,फैैलये
laphphaajee,लफ्फाजी,लफफफाजी
nagpur,नागपुर,नागपुर
teleebag,तेलीबाग,तेलीबाग
yamala,यमला,यमाला
cpm,सीपीएम,सीपीएम
odhkar,ओढ़कर,ओधकर
pehno,पहनो,पहनो
manchanda,मनचंदा,मांचंडा
prayoghaatra,प्रयोगास्त्र,प्रयोगास्त्र
wlaad,व्लाद,व्लाड
hararat,रारत,रारत
nikare,स्नीकर्स,स्निकारसे
mufalii,मुफलिसी,मुफलिसी
dhumrapaan,धुम्रपान,धूमरापान
buh,बु,बु
chrom,क्रोम,क्रोम
hijbul,हिजबुल,हिजबुल
pariwarwale,परिवारवाले,परिवरवाले
tinka,टिंका,टिंका
mandadi,मनदड़ी,मण्डादी
taiboo,टैबू,ताबू
rihtanaataa,रि्तानाता,रि्तताना
heidelbergceat,हैडलबेर्गसिएट,हेइडलब्रिजमेट
kraar,क़रार,क्रार
krutya,कृत्या,क्रुत्या
vivekaadheen,विवेकाधीन,विवकाधीन
antadiyaan,अंतडियां,अन्तदियां
arellano,अरेलानो,एरेलानो
dwf,डीडब्ल्यूएफ,डीवीएफ़
pardaa,पर्दा,परदा
dropadiyon,द्रोपदियों,द्रोपदियों
haaranaa,हारना,हारना
attha,अट्टहास,अट्थास
uneeti,सुनीति,सुनीति
lagneh,लग्ने,लागने
chamba,चम्बा,चम्बा
prakaandh,प्रकाण्ड़,प्रकांध
pakhapat,पक्षपात,पक्षपत
brahraachaarinee,ब्रह्राचारिणी,ब्रहचारररिणी
garrion,गेरीसन,गैरिसन
anawahyak,अनाव्यक,अनाव्यक
lewiville,लेविसविल,लेविसवाइल
uken,सुजेन,सुकेन
lakme,लक्मे,लकमे
maaoont,माऊंट,माउंत
jealou,जूलूस,जीलॉस
mahamidiya,महामीडिया,महामिदीय
ipahi,सिपाही,सिपही
varhiya,वर्षिय,वर्षिया
jeevvigyaniyon,जीवविज्ञानियों,जीवविज्ञानियों
tughlaqabad,तुगलकाबाद,तुघलाकाबाद
araaha,सराहा,सराहा
udelkar,उड़ेलकर,उदेलकर
mani,मणि,मणी
aptakranti,सप्तक्रांति,सप्तकर्तंति
taapti,ताप्ती,ताप्ती
mahainh,महासिंह,महासिन
hravani,्रावणी,्रवणण
matyavatar,मत्स्यावतार,मत्स्यावतर
uankrit,सुसंस्कृत,सुसासंकृत
tarko,तर्कों,टारको
pafin,पफिन,पैफिन
inhalation,इनहेलेन,इन्हेलेन
lidon,स्लाइडों,स्लाइडन
vita,विस्टा,विस्ता
pukhtaa,पुख़्ता,पुखता
takhir,तसखीर,तस्खीर
bandhate,बांधते,बंंधते
gudna,गुदना,गुदना
oodhami,ऊधामी,ऊधमी
kyaah,क्याः,क्याह
badyal,बडयाल,बद्याल
ilectrotec,इलेक्ट्रोटेक्स,इलेक्ट्रोटेमेक
dwiarthi,द्विअर्थी,द्विर्थी
rukte,रुकते,रुकते
baagbageechon,बागबगीचों,बागबबियों
haute,हाउते,हौते
ruktey,रुकते,रुक्टे
wecha,स्वेच्छा,स्वेचा
velvet,वेलवेट,वेल्वेट
bigget,बिगेस्ट,बिग्सेस्ट
ocoee,ओकोई,ओकीय
mahaanagarawaaiyon,महानगरवासियों,महानगरावासियों
antony,एंटोनी,एंटोनी
idol,आइडल,आईडीओएल
ahrafi,अरफी,अ्रफी
ubarkar,उबरकर,उबरकर
bhadkaayaa,भड़काया,भड़काया
girijagharon,गिरजाघरों,गिरिजाघरों
bataao,बताअाे,बताओ
todne,तोडऩे,तोडने
kamau,कमाऊ,कमाउ
alagalag,अलगअलग,अलागागल
zunheboto,ज़ुन्हेबोटो,जुनहेबतो
felix,फेलिक्स,फेलिक्स
khetradwaaraa,क्षेत्रद्वारा,क्षेत्रवादारा
mukabaale,मुकबाले,मुकाबाले
buldhana,बुलढाना,बुलधाना
ganeha,गणेा,गणेा
gulhan,गुलन,गुलान
mahankmadaan,महंकमदान,महांकमाडन
ekthi,इकठ्ठी,एकटी
kheda,खेड़ा,खेडा
vrutton,वृत्तों,व्रुतों
ganv,गॉंव,गणव
praath,प्रसाथ,प्रसा
labelling,लेबलिंग,लेबलिंग
motheron,मदरसन,मोथरसॉन
man,मैन,मन
muhahid,मुाहिद,मुाहिद
jubaan,ज़ुबान,जुबान
lalkrihna,लालकृष्ण,लालकृष्ण
mod,मॉड,मॉद
bhavanaon,भावनाओं,भावानाओं
putta,पुट्टा,पुट्टा
dhanhyaam,धन्याम,धन्याम
buddhizeevon,बुद्धिजीवों,बुद्धिजीवों
raadhe,राधे,राधे
jeevanhaili,जीवनैली,जीवनैली
robertan,रॉबर्टसन,रोबर्सटन
vivekahin,विवेकहीन,विवेकहीन
covina,कोविना,कोवीना
antioch,एन्टीओक,एंटियो
deniar,डेनिअर,डेनायर
ranjkta,रंजकता,रांजकता
tyler,टाइलर,टाइलर
yemmiganur,येम्मिगनुर,येममिगगुर
immachyoritee,इम्मैच्योरिटी,इम्मायिधोोटी
puhpa,पुष्पा,पुष्पा
dehke,देके,देके
narmi,नरमी,नर्मी
tareeko,तरीको,तरीको
parivaarwaale,परिवारवाले,परिवाराला
haie,ैइ,ै
amvedanheelata,संवेदन्ीलता,संवेदेलता
devaapur,देवापुर,देवापुर
bhopal,भोपाल,भोपल
chet,चेस्ट,चेस्ट
dharmaviheenataa,धर्मविहीनता,धर्मविहहीनता
liepradhanmantri,लिएप्रधानमंत्री,लीइप्रधानमन्तरी
chadhega,चढ़ेगा,चढेगा
roohelkhand,रूहेलखंड,रूहेलखण्ड
bitane,बीताने,बिटेन
cerrito,सेररितोस,सेरिटोस
arkaren,सरकारें,सरकारें
kaabiletaarif,काबिलेतारीफ,काबिलेटररिफ़
raakhnau,राखणौ,राखनाउ
brigton,ब्रिगटन,ब्रिटन
yaruhalem,यरूलेम,यारुालेम
jenner,जेनर,जेनर
maratha,मराठा,मराथा
kharuwaar,खरुवार,खरुवार
vyaghat,व्याघात,व्याघात
aafgoi,साफगोई,साफगोई
ragon,रागों,रगोो
ainth,ऐंठ,एंथ
reddy,रेड्डी,रेड्डी
pharae,फरसे,फरासे
dukke,दुक्के,दुक्के
halebid,हैलबिड,हलेबिद
pik,पिक,पिक
rumani,रुमानी,रूमणी
focu,फ़ोकस,फोकस
hrungar,ृंगार,्रुंगर
uttariya,उत्तरिया,उत्तरिया
fyuji,फ्यूजी,फ्यूजी
maruti,मारुति,मरुती
nikalogi,निकलेगी,निकालोगी
nag,नग,नाग
wind,विंड,विंद
endha,सेंधा,सेंधा
dharmaraajne,धर्मराजने,धर्मराजने
amadjiyon,समाधियों,समाद्जियों
lee,ली,ली
apramaan,सप्रमाण,सप्रमान
waarthparak,स्वार्थपरक,स्वार्थपारक
raaayanik,रसायनिक,रसायिनक
jain,जैन,जैन
picking,पीकिंग,पिकिंग
ayodhyeanath,अयोध्यानाथ,अयोध्यानेथ
hivamogga,िवमोगा,िवमोग्गा
khelaane,खेलाने,खेलाने
refractorie,रिफ्रेक्टरीज़,रीफ्रेक्टोरी
khitaabon,खिताबों,खिताबों
medical,मेडीकल,मेडिकल
vaoolataa,वसूलता,वसूलता
houkee,हाॅकी,हौकी
iddhaant,सिद्घांत,सिद्धान्त
tolaan,तोलासन,तोलासन
vartamaan,वर्तमान,वर्तमान
mejbaani,मेज़बानी,मेजबानी
jame,जेम्स,जमेस
bataur,बताैर,बतौर
dehri,डेहरी,देहरी
hravanabelagola,्रवणाबेलागोला,्रवणबलगोगला
vyapak,व्यापक,व्यापक
neal,नील,नेल
maniya,मनिया,मनिया
mayur,मयूर,मायुर
eneeyoo,एनईयू,इन्यू
niketan,निकेतन,निकेतत
nibhaaegee,निभाएगी,निभागी
ravaley,रावले,रवेली
hindon,हिंडन,हिंडन
alai,अली,अलाई
badhaon,बाधाओं,बढ़ाओं
prakahakah,प्रकाकः,प्रकााह
abajooniyar,सबजूनियर,सबजूनियर
ugamata,सुगमता,सुगमता
pahtun,प्तून,पा्टन
bandhan,बंधान,बांधन
chabutare,चबूतरे,चैबुटेर
nagarjuna,नागार्जुन,नागरुुना
lakhmidhar,लक्ष्मीधर,लक्ष्मीधर
dharmapatriyaan,धर्मपत्रियां,धर्मपत्रियां
andrbh,संदर्भ,संद्रभ
antdiyan,अंतडियां,अंत्िियां
atakta,अटकता,अटकता
warner,वार्नर,वारनर
dhndhe,धंधे,धनधे
prahaanik,प्रासनिक,प्रासनिक
khhomche,खोमचे,खोमचे
calumet,कैल्यूमेट,कैल्युम
talabgaar,तलबगार,तलबगार
pratinirdeh,प्रतिनिर्दे,प्रतिरिन्दे
taapanee,टापनी,तापनी
nikharegaa,निखरेगा,निखारेगा
devnaar,देवनार,देवनार
doudaate,दौड़ाते,दूदाते
mantripad,मंत्रीपद,मन््रिपाड
electronic,इलेक्ट्रॉनिक्स,इलेक्ट्रानिक्स
fayetteville,फयेत्तेविल्ले,फेयेट्टीवाल
workcharge,वर्कचार्ज,वर्कचार्ज
aie,ऐसे,एसीई
eddy,एड्डी,डेडी
bhavabhivyaktiyon,भावाभिव्यक्तियों,भववभविष्कतियों
bajpai,बाजपेयी,बाजपाई
rajnandgaon,राजनंदगांव,राजनगड्डाओं
aahi,असाही,असही
chimate,चिमाते,चिमते
vankhetra,वनक्षेत्र,वनक्षेत्र
nagercoil,नागेरकोइल,नेगरकॉइल
cataneda,कास्टानेडा,कास्टेनेडा
baghbaan,बाघबान,बगबान
mehrotra,मेहरोत्रा,मेहरोत्र
nodaraanee,नोडरानी,नोदरानी
agniyaan,अग्नियां,अग्नियाँ
apraman,सप्रमाण,सप्रमन
uay,उसेे,उसय
hreemahapoorn,्रीमहापूर्ण,्रीमहपूर्ण
lawrie,लॉरी,लावरी
jadd,जड़,जडी
anvedikaran,संवेदीकरण,संवेदकीरण
hikhakarmiyon,िक्षाकार्मियों,िक्षककर्मियों
jimme,जिम्मे,जिम्मे
arunaai,अरुणाई,अरुणाई
jeetanewalon,जीतनेवालों,जीतानेवालों
udan,उड़ान,उदन
obcura,ऑब्स्क्योरा,ओबससीकुरा
tuti,स्तुति,स्तुटि
hrankhala,्रंखला,्रंखला
rahamat,रहमत,रहमत
atta,आटा,अटीटा
chultz,ुल्ट्ज,ल्ट्ज
telelink,टेलीलिंक्स,टेलिलिंक्स
properfacebuk,प्रॉपरफेसबुक,प्रोपरफेसबुक
chart,चार्ट,चार्ट
bhagane,भगाने,भगनेे
jin,जीन,जिन
pakdaae,पकड़ाए,पकडाए
dikhayee,दिखायेे,दिखायी
ardhawihwaa,अर्धवि्वास,अर्धवि्वास
panghal,पंघाल,पंघल
mira,मि्रा,मिसरा
makhdumpur,मखदुमपुर,मख्दमपुर
weronika,वेरोनिका,वेरोनिका
helper,हेल्पर,हेलपर
baljit,बलजीत,बलजीत
varnavyavathaawaadiyon,वर्णव्यवस्थावादियों,वर्णवायवस्तादायियों
rajouri,रजौरी,राजौरी
chadhegaa,चढ़ेगा,चढ़ेगा
linmarga,लिंमर्ग,लिनमार्गा
bhaagadaud,भागदौड,भागड़ौड़
kpo,केपीओ,केपीओ
harpaal,हरपाल,हरपाल
eth,सेथ,सेठ
welwet,वेलवेट,वेलवेट
nada,नक्सल,नादासा
karnehvardhaam,कर्णे्वरधाम,कर्णे्वरन्म
chheenk,छींक,छींक
wabag,वाबाग,वबाग
omvar,साेमवार,सोमवार
paul,पॉल,पौल
apvartit,अपवर्तित,अपवर्तित
hero,हीरोज,हेरोस
mineral,मिनरल,मिनेरल
inger,सिंगार,सिंगर
ropaney,रोपने,रोपने
jarakh,जरख,जरख