aunpengi,सौंपेंगी,सौंपेंगी
euclid,यूक्लिड,यूक्लिड
ghataatop,घटाटोप,घटातोप
khaen,खाएँ,खें
buenaventura,ब्युनावेंचुरा,बुएनेवंतुरा
kupohit,कुपोषित,कुपोषित
thin,थींं,थिन
mukhyamantripatana,मुख्यमंत्रीपटना,मुख्यमंत्रिपताना
talwar,तलवार,तलवार
aym,सायं,सेम
aptakranti,सप्तक्रांति,सप्तकर्ंती
ander,सेंडर्स,सैनडर्स
dhundhta,ढूंढता,धुंढ़ता
kaaovo,कासोवो,कासोवो
ramraj,रामराज,रामराज
najariyon,नजरियों,नजररियों
gairairaadatan,गैरइरादतन,गैराईरतान
wardha,वर्धा,वार्धा
mitravat,मित्रवत,मित्रवत्
jin,जीन,जेन
anjivan,संजीवन,संजीवन
rihvatkhor,रि्वतखोर,रि्वतखोर
undram,सुंदरम,सुनद्रम
braande,ब्रान्डेस,ब्रांडेस
raubadar,रौबदार,रौबदार
zaalaanaa,झालाना,ज़ालना
bona,बोना,बोना
upyogitawadiyon,उपयोगितावादियों,उप्योगितावदियों
item,आइटम्स,आईटीईएमएस
aamdani,आमदनी,आमदानी
athiya,साथिया,सथिया
nikaalani,निकालनी,निकालनी
badlapur,बदलापुर,बडलापुर
bechakar,बेचकर,बेचाकर
pick,पिक,पिक्के
deabathula,देसबथुला,देसाबथुला
dukhon,दुखों,दुखों
fijulkharchi,फिजूलखर्ची,फिजुलखर्ची
nelon,नेल्सन,नेल्सन
urvarkon,उर्वरकों,उर्वर्कों
mahamanch,महामंच,महामंच
wadaraa,वदरा,वड़रा
haamidan,हामिदन,हामिदन
brock,ब्रोक,बीआरओके
duhwaariyon,दु्वारियों,दु्वरियों
vaigyanik,वैज्ञानिक,वैज्ञानिक
jaayke,जायके,जायके
khatriyaadi,क्षत्रियादि,क्षत्रियादि
khalati,खलती,खलती
karykartaaon,कार्यकर्ताओं,कार्यकर्ताओं
pragyatantra,प्रज्ञातंत्र,प्रज्तांतत्र
failaiye,फैलाइए,फैलैये
rijhaayaa,रिझाया,रिझाया
kaylana,कायलाना,कालना
kremitry,क्रेमिस्ट्री,क्रेमिस्ट्री
bhilai,भिलाई,भिलाई
mulon,मूलों,मुलों
mohini,मोहिनी,मोहिनी
gudagaunw,गुडगौंव,गुदागौंव
pace,पेस,पीएस
rupeh,रुपे,रुपे
evamukta,सेवामुक्त,सेवामुक्ता
omvaar,साेमवार,सोमवार
madhya,मध्य,मध्य
regitan,रेगिस्तान,रेजिस्तान
rikailleebrehan,रिकैलीब्रेन,रिकाईलेब्रेन
kullawee,कुल्लवी,कुल्लवी
hrankhala,्रंखला,्रणखाला
dibanu,डिबनू,दिबानु
arguja,सरगुजा,सरगुजा
bharatwanhee,भारतवंी,भारतवंी
lynch,लिंच,लिन्च
rotation,रोटेन,रोटेन
udaa,उदा,उड़ा
nazarandaaz,नजरंदाज,नाज़रनााज़
achyut,अच्युत,अच्युत
humali,ुमाली,ुमाली
iddhaant,सिद्घांत,सिद्धांत
thiyeter,थियेटर्स,थायटटर््स
mckay,मैके,मैकेये
latakakar,लटककर,लटटकार
ate,अते,अटे
ginte,गिनते,जिंटे
kambalon,कंबलों,कम्बलों
aavriti,आवृत्ति,आवृति
dharmarajne,धर्मराजने,धर्मराजने
aurato,औरतो,औरतो
neco,नेस्को,नेस्को
eddie,एड्डी,एडी
ravael,रवैल,रवैल
vyaghat,व्याघात,व्याघाट
nalakaa,नलकसा,नलकसस
paalaaahee,पालसाही,पालसाही
aphalt,एस्फाल्ट,अस्फाल्ट
roohelkhand,रूहेलखंड,रूहलेखंड
high,हाई,हिग्
gangajal,गंगाजल,गंगाजल
koriyaah,कोरियाः,कोरियाह
kaavyavidhaaon,काव्यविधाओं,काव्यविधाओं
beil,बेसिल,बेसिल
hatakharon,हस्ताक्षरों,हस्ताक्षरों
laganewale,लगनेवाले,लगननेवाले
naamajadagee,नामजदगी,नामज़दगी
tik,टिक,टिक
ocoee,ओकोई,ओकीओ
makrani,मकरानी,मकरानी
nagercoil,नागेरकोइल,नागरकोइल
anchar,संचार,संचार
unaeer,सुनासीर,सुनासिर
ofner,सॉफ़्नर,सोफ़ेर
pyria,पाइरिया,पायरिया
eyarkandihnar,एयरकंडीनर,इयारकंदीनर
camarillo,कैमेरिलो,कैमारिलो
jhaiyaan,झाइयां,झइयाँ
parmehvarpur,परमे्वरपुर,पर्मे्वरुप
kumau,कुमाऊ,कुमाउ
gujaarne,गुजारने,गुजारने
adhiwaktaagan,अधिवक्तागण,अधिवक्ततां
dhwanimikon,ध्वनिमिकों,ध्वनिमिकों
equent,सेक्वेंट,सिक्वेंट
vitark,वितर्क,वितर्क
alwadhi,अल्वधि,अलवाधी
theatr,थियेटर्स,थिअर्ट्स
diphtheria,डिप्थीरिया,डिफ्थेरिया
aahityotav,साहित्योत्सव,साहित्योत्सव
churu,चूरू,चुरू
utaney,उतने,यूटनेट
vihnu,विष्णु,विष्णु
khariya,खरिया,खरिया
yuddhak,युद्धक,युद्धक
hreemahapoorn,्रीमहापूर्ण,्रीमहपूर्ण
apnani,अपनानी,अपनानी
hreeganganagarvaaiyon,्रीगंगानगरवासियों,्रीगणवगगणाविसायीं
khuraan,खुरासान,खुरासन
chadhega,चढ़ेगा,चढ़ेगा
nirdal,निर्दल,निरदल
anhaankan,अंांकन,अंांकन
menharaab,मेंराब,मेन्रााब
bieee,बीएसएसएस,बाइजेस
mandi,मंडी,मांदी
aatik,आस्तिक,आस्तिक
buh,बु,बु
wetwork,वेस्टवर्क,वेस्टवर्क
hakhayen,ाखाएं,खाएं
eneeaardablyooee,एनसीआरडब्ल्यूसी,इनसियर्मिब्ले
rojana,रोजना,रोजाना
laamiyaan,लामियां,लामियाँ
oodhami,ऊधामी,ऊधमी
chhahon,छहों,छाों
evagram,सेवाग्राम,सेवाग्राम
layton,लेटन,लेटन
raakhe,राखे,राखे
helper,हेल्पर,हेल्पर
garjana,गर्जना,गरजाना
chicopee,चिकोपी,चिकोपी
bhakaa,भका,भका
bidar,बीदर,बिदर
flavonoid,फ्लेवनाइड्स,फ्लेवोनाइड्स
tapuwo,टापुओं,तपुवो
praarakon,प्रसारकों,प्रसरकों
khataur,ख़ासतौर,खस्तौर
teeron,तीरों,तीरों
bhiham,भीष्म,भीम
dvc,डीवीसी,डीवीसी
khalan,स्खलन,स्खलन
miti,मिति,मिटी
hippo,हिप्पो,हिप्पो
rollin,रोलिंस,रोलिन्स
ghummakkadon,घुमक्कड़ों,घुम्मककडों
cooch,कूच,सूच
irpur,सिरपुर,सिरपुर
foodwork,फ़ूडवर्क्स,फूडवर्क्स
daihwala,डैवाला,दैवाला
dhaavakon,धावकों,धावकों
bhaagadaud,भागदौड,भागड़ौड़
mahbubnagar,महबूबनगर,महबूबनगर
chellani,चेलानी,चेल्लानी
ghontana,घोंटना,घोंटना
rakhna,रखना,रखना
arabpatiyon,अरबपतियों,अरबपतियों
maarvaad,मारवाड़,मारवाद
nominate,नॉमिनेट,नोमिनेट
offhore,ऑफोर,ओफ़ोर
trenton,ट्रेंटन,ट्रेंटन
harvey,हार्वे,हरवी
vandemataram,वन्देमातरम्,वांडेमाराम
yatna,यत्न,यातना
dealerhip,डीलरिप,डिलर्ििप
rookenge,रूकेंगे,रूकेंगे
danbury,डेनबरी,डेंबरी
retreate,रीट्वीट,रिट्रीट
dumghontu,दमघोंटू,डुमघोट्नू
byaawa,ब्यावर,ब्यावा
mahamidiya,महामीडिया,महामिदिया
chaukiyan,चौकियां,चौकियाँ
blair,ब्लेयर,ब्लेयर
ahityotav,साहित्योत्सव,साहित्योत्सव
nadep,नाडेप,नादेप
arthavyavathaah,अर्थव्यवस्थाः,अर्थव्वय्थससह
aurakhit,असुरक्षित,असुरक्षित
pahante,पहनते,पहंते
hounga,होऊंगा,होँगा
bhoowaami,भूस्वामी,भूस्वमी
varnikaa,स्वर्णिका,स्वर्णकिका
agende,एजेंडे,एगेंडे
premlata,प्रेमलता,प्रेमलाटा
narnaari,नरनारी,नर्णारी
dhaiya,ढैया,ढैया
kakinada,काकीनाड़ा,काकीनाडा
eriw,सेरिव,सेरिव
diamond,डायमंड,डायमोंड
farheen,फरहीन,फरहीं
proofread,प्रूफ़रीड,प्रूफ्रेड
niptakar,निपटाकर,निपटकर
introduction,इंट्रोडक्न,इंट्रोडक्न
montgomery,मोंटगोमरी,मांटगोमरी
gtor,जीतोड़,जीटीओआर
varnavyavathaavaadiyon,वर्णव्यवस्थावादियों,वर्णवव्यवहादावियों
jawabah,जवाबः,जवाबाह
alliance,एलियंस,एलियेंस
naqab,नक़ाब,नकक
dhandon,धंधों,धंडों
qabzaa,क़ब्ज़ा,क़ब्ज़ा
biji,बिजी,बिजी
ropee,रोपी,रोपी
enid,एनिड,एनिड
ditrabyuter,डिस्ट्रब्यूटर्स,डिस्ट्राब्यूटर
karyakaaryakartaon,कार्यकार्यकर्ताओं,कार्यकर्यार्ताओं
wiwekadhikaron,विवेकाधिकारों,विवीकड़घरों
uthanee,उठनी,उठनी
uddhaatan,उद्धाटन,उद्धातन
hokhat,होखत,होखत
mindtree,माइंडट्री,मिंड््री
prekhakganon,प्रेक्षकगणों,प्रेक्षकजोंं
dampatya,दांपत्य,दंपपत्य
andhapan,अंधापन,अंधापन
breed,ब्रीद,ब्रीड
vaidh,वैध्,वैध
khaatedar,खातेदार,खातेदार
hravani,्रावणी,्रवणी
mitchell,मिचेल,मिचेल
khanaudaa,खनौदा,खनौड़ा
lebalon,लेबलों,लेबालों
aflata,सफ़लता,सल्लाटा
bengaluru,बेंगलुरु,बेंगालूरू
hairatangenz,हैरतअंगेज़,हैरातेंजेंज
jagdalpur,जगदलपुर,जगदललपुर
deerfield,डियरफील्ड,डीरफील्ड
nazarandaz,नजरंदाज,नाज़रनााज
faani,फांसी,फांसी
prihthabhoomiyon,पृष्ठभूमियों,पृष्ठभूिियों
punahthapana,पुनःस्थापना,पुनःस्थानाा
nagaaraa,नगाड़ा,नगारा
gond,गोंद,गोंड
guevara,गेवारा,गुएवरा
ahrafi,अरफी,अराफी
khiakate,खिसकते,खिसकाते
udaanon,उड़ानों,उड़ानों
purnia,पूर्णिया,पुर्निया
kottayam,कोट्टयम,कोट्टाम
haie,ैइ,ाई
badam,बदाम,बादम
brahmapur,ब्रह्मपुर,ब्रह्मपुर
wipkha,विप्ख,विप्खा
kauhal,कौल,कौल
bantata,बंटता,बंटता
taapanee,टापनी,तापनी
darjano,दर्जनों,दर्जनो
behar,बिहार,बेहर
chahunmukhi,चहुंमुखी,चाहुंमुखी
maariya,मारिया,मारिया
aarya,आर्य,आर्य
dikhaai,दिखार्इ,दिखाई
beck,बेक,बेके
purnveekrit,पुर्नस्वीकृत,पूर्णस्वीकृत
pradhanmantriki,प्रधानमंत्रीकी,प्रधानमंत्रिकी
tani,तनी,टीएनआई
devnaar,देवनार,देवनार
tyre,टायर,टायरे
uak,उसक,उसक
duar,दोआर,डुआर
kaaryakartriyon,कार्यकर्त्रियों,कार्यकर्त्रियों
maood,मसूद,मसूद
berwyn,बर्विन,बर्वेन
waarthparak,स्वार्थपरक,स्वार्थपरक
araaha,सराहा,सराहा
ajhar,अजहर,अझर
chatuhkoniya,चतुष्कोणीय,चतुष्कोनिया
grover,ग्रोवर,ग्रोवर
daaw,दाव,दाव
ajetee,सजेती,सजेती
paaliyon,पालियों,पालियों
chabutare,चबूतरे,चबुतरे
polimer,पॉलिमर,पोलिमर
dutt,दत्त,डुट
janeudharee,जनेऊधारी,जनेुधरी
nanhe,नन्हें,नन्हे
oond,सूंड़,सुंद
jadhav,जाधव,जाधव
avranta,अवर्णता,अवरंता
gaayikaao,गायिकाओ,गाइयकाओ
hikaarico,हिकारिको,हिकारिको
badhachadhakar,बढ़ाचढ़ाकर,बढ़ाचधार
bhav,बहाव,भव
prapt,प्राप्त,प्राप्ट
orchha,ओरछा,ओरछाा
raakhnau,राखणौ,राखनऊ
madheekhedha,माड़ीखेड़ा,मधीखेधा
han,हां,हन्
miranda,मिरांडा,मिरंडा
anyonyahritata,अन्योन्या्रितता,अन्योन्य्रिता
jhada,झाड़ा,झड़ा
omerville,समरविल,सोमरविले
manhattan,मैनहट्टन,मनहत्तान
petroelee,पेट्रोसेली,पेट्रोसेली
jarvi,जार्विस,जरवीस
ahyaatre,सहयात्री,सह्यात्रे
belinda,बेलिंडा,बेलिंडा
eide,सीड,साइड
doe,डोसे,डोसे
labelling,लेबलिंग,लेबलिंग
dih,डि,दि
uri,सूरी,सुरी
agavai,अगवाई,अगवाई
trelarah,ट्रेलरः,त्रेलारह
pidiya,पीडिया,पिडिया
pravine,प्राविंसेस,प्राविंसेस
hemwati,हेमवती,हेमवती
daton,डैटसन,डेट्सन
chuchiyaan,चूचियां,चुचियाँ
rukwaakar,रुकवाकर,रुकवाकर
baytown,बैटाउन,बायटाउन
enth,ऐंठ,एंथ
najibabaad,नजीबाबाद,नाजीबाबाद
bannari,बन्नारी,बन्नरी
week,वीक्स,वीक्स
haliahar,हालिहर,हालिसाहर
taaja,ताजा,ताजा
watanukoollan,वातानुकूलन,वातानुकुलल
amrohi,अमरोही,अमरोही
baagoraa,बागोरा,बागोरा
kuriyon,कुर्सियों,कुरसियों
lat,लास्ट,लास्ट
juye,जुए,जुये
ivan,सिवान,सिवन
chadron,चादरों,चद्रों
urendranagar,सुरेंद्रनगर,सुरेंद्ररगर
tikone,तिकोने,टिकोने
labeling,लेबलिंग,लेबेलिंग
neurocientit,न्यूरोसाइंटिस्ट्स,न्यूरोसाइंटिस्ट
jud,जूड,जुद
murgeepalan,मुर्गीपालन,मुर्गीपालन
forti,फोर्टिस,फोर्टिस
udan,उड़ान,उड़न
maladahiya,मलदहिया,मलाडहिया
damghontu,दमघोंटू,दामघोंटू
bhrahtachariyon,भ्रष्टाचारीयों,भ्रष्टाचारियों
alto,ऑल्टो,अल्टो
multimedia,मल्टीमीडिया,मल्टीमेडिया
rajnitikaaron,राजनीतिकारों,राजनीतिकारों
wajood,वजूद,वजूद
prakriyagat,प्रक्रियागत,प्रकृरयाग
richardon,रिचर्डसन,रिचार्डों
ma,मास,एमएएसएस
kaathiyavadi,काठियावड़ी,काठियावाड़ी
yoojee,यूजी,यूजी
rigg,रिग्स,रिग्स
zydu,ज़ाइडस,ज़ादस
lokotav,लोकोत्सव,लोकोत्सव
makerere,माकेरेरे,मकेरेरे
teemaardaron,तीमारदारों,तीमारदररों
urvana,सुर्वणा,सुरवाणा
aakaah,आका,आका
adanga,अड़ंगा,अडंगा
mayajaal,मायाजाल,मयजाल
vega,वेगास,वेगास
denevali,देनेवाली,देनेवाली
ekath,एकसाथ,एकसाथ
pathalogit,पैथेलॉजिस्ट,पैथालॉजिस्ट
bawara,बावरा,बवारा
ihat,ईष्ट,इत
lx,एलएक्स,एलएक्स
lalmani,लालमणी,लालमणी
muic,म्यूजिक,मुयूएसआईस
aaryana,आर्यनस,आर्यानास
theinga,ठेंगा,थेंगा
bani,बानी,बनी
dootaay,दूताय,दूताय
chatakaate,चटकाते,चटकाते
ayodhyeanath,अयोध्यानाथ,अयोध्येनाथ
ghrutakumaaree,घृतकुमारी,घ्रुटकुमारी
vivekadhikaron,विवेकाधिकारों,विवेकाधकारों
baabaao,बाबाओ,बाबाओ
mold,मोल्ड,मोल्ड
pratinidhikaree,प्रतिनिधिकारी,प्रतिनिधिकरीी
khatakhataakar,खटखटाकर,खटखटाकार
aainthoo,आइंथू,आइंतू
janjagran,जनजागरण,जंजग्रन
datakhathuda,दस्तखतुदा,दस्तखाखपुदा
updraviyon,उपद्रवियों,उपद्रवियों
capacitor,कैपेसिटर,कैपेसिटर
yooropiyaa,यूरोपिया,योरोपिया
uja,सूजा,सुजा
gajra,गजरा,गजरा
elbaino,एल्बाइनो,एल्बाइनो
ballebaajee,बल्लेबाज़ी,बल्लेबाजी
aarekhah,आरेखः,आरेखाह
mangalmoortih,मंगलमूर्तिः,मंगलमूर्थि
claon,क्लासों,क्लासन
raaayanik,रसायनिक,रसायनिक
kaarwaai,कार्वाई,कारवाई
plano,प्लानो,प्लानो
boca,बोका,बीओसीए
amanvayaka,समन्वयक,सामान्यका
vartamaan,वर्तमान,वर्तमान
fatahee,फटही,फतही
durghtna,दुर्घटना,दुर्थ्न
namkin,नमकीन,नमकिन
chico,चिको,चिको
mta,एमटीए,एमटीए
thermax,थरमैक्स,थर्मैक्स
alexandria,एलेक्जेंड्रिया,एलेक्ंाड्रिया
iyai,सियासी,सियासी
tranitor,ट्रांजिस्टर,ट्रांसिस्टर
ilectromeetar,इलेक्ट्रोमीटर,इलेक्ट्रोमीटर
chhupata,छुपता,छुपता
cup,कप,सीयूपीपी
harpal,हरपाल,हरपाल
athath,साथसाथ,साथसथ
pilot,पायलट,पिलॉट
failaiya,फैलाइए,फैैलैया
arada,अरदास,अरादास
veriphication,वैरीफ़िकेन,वेरिफिकेन
hine,हाइंस,हिइंस
anuprayogi,अनुप्रयोगों,अनुप्रयोगी
pulam,पुलम,पुलम
amruddhiyon,समृद्धियों,समृद्धियों
lakeer,लकीर,लीकर
chheenk,छींक,छींक
rame,रस्मे,रस्मे
hichkichaa,हिचकिचा,हिचकिचा
uba,सूबा,सुबा
taavij,तावीज,ताविज
liphaaphaa,लिफ़ाफ़ा,लिफ़फ़ा
tephen,स्टीफेंस,स्टेफेंस
boaan,बोसान,बोसान
faadi,फाड़ी,फाड़ी
pokhriyal,पोखरियाल,पोखरियाल
madhura,मढ़ौरा,मधुरा
chuneen,चुनीं,चुनीं
kandrour,कंदरौर,काद्ररर
deepan,दीपन,दीपन
avyavaayee,अव्यवसायी,अव्यस्याय
dubona,डुबोना,डुबोना
ahley,एले,अले
karaahanaa,कराहना,कराना
pf,एसपीएफ,एसपीएफ़
gurdapur,गुरदासपुर,गुरदपसूर
pakhapat,पक्षपात,पक्षपत
poorvabhadrapad,पूर्वाभाद्रपद,पूर्वभद्रपाद
paithelaujit,पैथेलॉजिस्ट,पैथेलाइज़ित
upachye,सुपाच्य,सुपाच्ये
kyooaaeepeee,क्यूआईपीएस,क्यूअईीी
granthiyon,ग्रंथियों,ग्रंथियों
aayn,सायं,सांय
wabhavatah,स्वभावतः,स्वभावताह
chootile,चुटीले,चूटिले
lahun,लहसुन,लाहसुन
kaju,काजू,कजजू
paathhaalaayein,पाठालाएं,पाठालााें
aatmayen,आत्माएं,आत्मयें
yariyan,यारियां,यारियां
pehiyon,स्पेियों,स्पेियों
utton,सट्टन,सुत्तों
lagavaatee,लगवाती,लगवताी
ballabh,बल्लभ,बल्लभ
hijbul,हिजबुल,हिजबुल
uki,उसकी,उसकी
linden,लिंडेन,लिंडेन
gurjar,गुर्जर,गुर्जर
nigar,निगर,निगर
maathaloo,माथलू,माथलू
fazalon,फजलों,फ़ज़लों
brigg,ब्रिग्स,ब्रिग्स
maharaja,महाराजा,महाराजा
zabardat,ज़बर्दस्त,ज़ाबरद्त
dhatna,धटना,ढटना
thitiyan,स्थितियां,स्थितियां
ganv,गॉंव,गेएव
ummeede,उम्मीदे,उम्मेदे
ilaichi,इलाइची,इलाची
karki,कार्की,कार्की
wechha,स्वेच्छा,स्वेछा
evaala,सेवाला,सेवाला
virodhabhai,विरोधाभासी,विरोधाभासी
immune,इम्युन,इम्यून
nilabh,नीलाभ,नीलाभ
rumani,रुमानी,रूमणी
cuex,क्यूसैक्स,स्यूसेक्स
mohim,मोहिम,मोहिम
kaabiletaareef,काबिलेतारीफ,काबिलेतारफी
praveenchand,प्रवीनचंद,प्रवींचंद
manaa,मनासस,मनासस
kaantipoorn,कांतिपूर्ण,कांतिपूर्ण
laxmeeniyaan,लक्ष्मीनियां,लक्ष्मीनियाँ
khin,क्षीण,क्षिन
dhaak,धाक,ढाक
pratihthavale,प्रतिष्ठावाले,प्रतिष्ठावले
bhrahtaachaariyon,भ्रष्टाचारीयों,भ्रष्टाचारियों
croe,क्रॉस,क्रोसे
aahi,असाही,असाही
florence,फ्लोरेंस,फ्लोरेंस
ukhrul,उखरुल,उखरुल
bataaya,बाताया,बताया
liberation,लिब्रेन,लिबेरेन
hamidan,हामिदन,हमीदान
nibhaegi,निभाएगी,निभागी
upneta,उपनेता,उपनेटा
tinplate,टिनप्लेट,टिनप्लेट
baantin,बांटीं,बांतिं
phalodi,फलोदी,फलोड़ी
gaandchubhonachoonachhote,गांडचुभोनाचूसनाछोटे,गांधुभोंचाोोनते
chhutane,छूटने,छुटने
jeevanhaili,जीवनैली,जीवनैली
pradhan,प्रधान,प्रधन
chhejat,छीजत,छेजत
ortega,ओर्टेगा,ओर्टेगा
theratipally,थेराटीपल्ली,थेरेटीपल्ल
vyakteeyon,व्यक्तीयों,व्यक्तियों
vapnika,स्वप्निका,स्वप्निका
ilchar,सिल्चर,सिल्चर
paim,पैम,पीम
amajjanon,समाजजनों,समजजजनों
bichbachaav,बीचबचाव,बिचबाचाव
antadiyaan,अंतडियां,अंतदियां
telon,तेलों,टेलों
tinka,टिंका,टिंका
rigal,रीगल,रिगल
murgipalan,मुर्गीपालन,मुर्गीपालन
hutting,ुटिंग,टिंग
mani,मणि,मनी
paathyakram,पाठ्यक्रम,पाठयक्रम
chara,चरस,चरस
tavaaron,तस्वारों,तस्वारों
aavihakaar,आविष्कार,आविषाकर
barker,बार्कर,बार्कर
granthiyan,ग्रंथियां,ग्रंथियां
torrent,टोरेंट,टॉरेंट
viratkhand,विराटखंड,विराखटंड
dibnoo,डिबनू,डिबनून
dabi,डाबी,डाबी
agarika,सागरिका,सागरिका
bhagdaud,भागदौड़,भागदौद
rohtak,रोहतक,रोहताक
ardhavihwaa,अर्धवि्वास,अर्ध्धविास
artemi,आर्टेमिस,आर्टमिस
changed,चेंज्ड,चेंगेड
datar,दस्तार,दस्तर
khanna,खन्ना,खाना
anam,अनम,एनाम
vyavathaamoolak,व्यवस्थामूलक,व्यवस्थामूलक
ubhaay,सुभाय,सुभाय
mathew,मेथिव्स,मथेव्स
darhaana,दर्ाना,दर्ाना
ummidwaaree,उम्मीदवारी,उम्मीदवारी
wipro,विप्रो,विप्रो
inpector,इस्न्पेक्टोर,इस्पेंक्टर
zunheboto,ज़ुन्हेबोटो,ज़ुनहेबोटो
parone,परोसने,परोसने
larry,लैरी,लारी
longewal,लोंगोवाल,लोंगेवाल
ataher,अतहर,अताहेर
bareli,बरेली,बरेली
nigmaayukt,निगमायुक्त,निगमायुक्त
adani,अदाणी,अडानी
communication,कम्यूनिकेन्स,कम्मिकनेिस
chamach,चमच,चमच
beeemdablyooem,बीएमडब्ल्यूएम,बीममबबललुयूप
kadmo,कदमो,कडमो
titan,टाइटन,टिटन
ihuntaa,सिहुंता,सिहुंता
gairarahtravaadee,गैरराष्ट्रवादी,गैरार्््रतवादे
ugamata,सुगमता,सुगमता
oklahoma,ओकलाहोमा,ओकलाहोमा
alnkaar,अलंकार,अलंकार
chet,चेस्ट,चेस्ट
alahkaar,सलाहकार,सलाहकार
kamtar,कमतर,कमतार
jenen,जेन्सन,जेनसेन
vele,वेस्ले,वेस्ले
cpm,सीपीएम,सीपीएम
hreneeh,्रेणीः,्रेणीह
praath,प्रसाथ,प्रसथ
anyuktavatha,संयुक्तावस्था,संयुक्तसम्वाा
devlaha,देवलहा,देवलाहा
achchi,अच्छी,अच्छी
barah,बारह,बरह
eatvale,ईस्टवेल,ईस्तवाले
ghigghee,घिग्घी,घिग्घी
denewaali,देनेवाली,देनेवाली
nagmandal,नागमण्डल,नागमंडल
quete,क्यूट,क्वेट
vidhaanee,विधाणी,विधानी
karvi,कर्वी,कारवी
raad,रसद,रसद
mariya,मारिया,मरिया
aazmaanaa,आजमाना,आज़माना
randolph,रैंडोल्फ,रांदोल्थ
langron,लंगरों,लांग्रों
bhuhan,भूषण,भुषण
pehan,पहन,पेहन
gaano,गानो,गानो
mukhyopadhyaay,मुखोपाध्याय,मुख्यपोध्याय
haak,ासक,सक
hichkicha,हिचकिचा,हिचकिचा
penhan,पेंषन,पेंन
jut,जस्ट,ज़्ट
lakhmeechandra,लक्ष्मीचन्द्र,लक्ष्मेंचधरर
hraddhavanon,्रद्धावानों,्रद्धवंंंं
doobnewaale,डूबनेवाले,दूबनेवाले
xiong,ियोंग,स्योंग
aagah,आग़ा,आगह
uzbek,उज़्बेक,उज़बेक
prakaandh,प्रकाण्ड़,प्रकांध
priyadarhini,प्रियदर्िनी,प्रियादर्िनी
dubna,डूबना,डुबना
kanchipuram,कांचीपुरम,कांचीपुरम
daulatabad,दौलताबाद,दौलताबाद
kikiyaanaa,किकियाना,किकियाना
tavire,तस्वीरे,तस्वीरे
bangh,बंग,बांग
medizenar,मेडिजेन्सर,मेडिजेनसर
mukhyamantriamvaaddaata,मुख्यमंत्रीसंवाददाता,मुख्यमंत्रिवद््तलाक
harawal,हरावल,हरावल
vipreetataa,विपरीतता,विप्रीतता
buildcon,बिल्डकॉन,बिल्डकॉन
jha,झ,झ््
dikhaee,दिखाईं,दिखाई
eaten,सीटें,सीटें
bombi,बांबी,बोम्बी
lakhayatirth,लक्ष्यतीर्थ,लक्षयातीर्थ
megavaal,मेगवाल,मेगवाल
cerrito,सेररितोस,सेरिटो
anyonyahritta,अन्योन्या्रितता,अन्योनयृत्त
ijaajat,इजाजत,इजाजत
aafgoi,साफगोई,साफगोई
kuraaane,कुरआने,कुराने
lehrayi,लहराई,लेहरायी
overall,ओवरऑल,ओवरेल
waphoto,स्वफ़ोटो,स्वाफोटो
ubala,उबाला,उबाला
ghai,घासी,घसी
adviva,अधिवास,अडविवास
bloom,ब्लॉसम,ब्लॉसम
raubdar,रौबदार,रौबदार
puhkar,पुष्कर,पुष्कर
bhagane,भगाने,भागने
bharatnatyam,भरतनाट्यम्,भारतनततम
janbhaavna,जनभावना,जनभावना
ruhikul,ऋषिकुल,रुिकुल
ahanka,आंका,आंका
adhikariyon,अधिकरियों,अधिकारियों
rehman,रहमान,रहमान
texmaco,टेक्समैको,टेक्सममैक
hanon,हेनसन,हंसन
oto,सोटो,सोतो
urvarakon,उर्वरकों,उर्वरकों
kehari,केरी,केारी
uriname,सूरीनाम,सुरिनामे
wargdoot,स्वर्गदूत,स्वर्गडूत
nagarjuna,नागार्जुन,नारगुजना
durgapur,दुर्गापुर,दुर्गपुर
chauki,चौकी,चौकी
fuhadtaa,फूहड़ता,फुहद़ता
raatrichar,रात्रिचर,रातृचर
baadhit,बाधित,बाधित
vadali,वडाली,वड़ली
ahara,सहरसा,सहरसा
metrologit,मैट्रोलॉजिस्ट,मेट्रॉलॉजिस्ट
puroohottamapur,पुरूषोत्तमपुर,पुरोषोत्तापुर
duneerti,दुर्नीति,दुनीर्ति
haimbalin,हैम्बलिन,हैमबबलिन
coachella,कोचेला,कोचेला
bipin,बिपिन,बाईपिन
hamalavar,हमलावर,हमालावर
niya,निया,निया
andarkhane,अंदरखाने,अंदर्खाने
chimati,चिमटी,चिमती
atul,अतुल,अतुल
charcha,चर्चा,चर्चा
tractor,ट्रैक्टर्स,ट्रैकटर्स
bein,बेसिन,बेसिन
vidyaon,विद्याओं,विद्याओं
bagh,बाग,बाघ
priyamani,प्रियामणि,प्रियमणि
lokotaw,लोकोत्सव,लोकोत्सव
mitao,मिटाओ,मिटाओ
inger,सिंगार,सिंगर
cricket,क्रिकेट,क्रिकेट
gaur,गौर,गौर
nariyalyukt,नारियलयुक्त,नरियालयुक्त
pitt,पिट्स,पिट्ट्स
karmacharee,कर्माचारी,कर्मचारी
bhuvami,भूस्वामी,भुस्वमी
dharmapoorwee,धर्मपूर्वी,धर्मपूरवी
tarko,तर्कों,तारको
nibhaaegee,निभाएगी,निभागी
aeronautic,एरोनॉटिक्स,एरोनॉटिक्स
varhiya,वर्षिय,वर्षिया
vyaktigat,व्यक्तिगत,व्यक्तिगत
phoolatee,फूलती,फूलती
muqarrar,मुक़र्रर,मुकररार
johnon,जॉनसन,जोहसनों
zuban,ज़ुबान,ज़बन
ghumakkdi,घुमक्कड़ी,घुमक्कडी
chitranhi,चित्रांी,चित्रंी
gene,जैने,जेन
water,वाटर,वाटर
peck,पेक,पेक
tarkon,तर्कों,तारकों
phabti,फब्ती,फब्ती
narayangadh,नारायणगढ़,नारायंगड़
kukreja,कुकरेजा,कुकरेजा
vidyuteekrit,विद्युतीकृत,विद्युतीकृत
hanfte,हांफते,हैंफेट
hrimati,्रीमति,्रीमति
dhuriya,धुरिया,धुरिया
anvari,संवरी,सांवरी
wiangatiyaa,विसंगतिया,विसंगतिया
nividaataon,निविदाताओं,निविदाताओं
nineteez,नाइनटीज,निनेटि
prahaanik,प्रासनिक,प्रासनिक
khurpaka,खुरपका,खुरपाका
hayne,हैन्स,हेनेस
neu,एनईयू,नेयू
aaram,सासाराम,सासराम
taapti,ताप्ती,तापत्
mithilanchal,मिथिलांचल,मिथीलांचल
premehwar,प्रेमे्वर,प्रेमे्वर
badoo,बडू,बड़ू
vandemaataram,वन्देमातरम्,वंदेमातरम
kidwai,किदवई,किदवाई
deepika,दीपिका,दीपिका
atakta,अटकता,अटक्ता
trimaik,त्रैमासिक,त्रामासिक
awp,एडब्ल्यूपी,एवीपीपी
mahamedia,महामीडिया,महामेडिया
tueday,ट्यूजडे,ट्यूसडे
athak,अथक,अठक
umadatee,उमड़ती,उमड़ती
palmonari,पल्मोनरी,पाल्मोनारी
nihlani,निहलानी,निहलानी
lincoln,लिंगकन,लिंकॉलन
bakhhane,बख्ने,बख़ाने
ankrition,संस्कृतिओं,संस्कृतिओं
monterey,मोंटेरे,मांटररे
paengerjind,पैसेंजरजींद,पासंजेरेंंंड
vipannata,विपन्नता,विपन्नता
krantiyon,क्रांतियों,क्रांतियों
morrion,मोरीसन,मोरिसन
yaaddaaht,याद्दा्त,यादद्त
phaliya,फालिया,फलिया
foda,फोड़ा,फोड़ा
ulhanagar,उल्हासनगर,उल्हसनगर
error,एरर,एरिर
emerald,एमरल्ड,एमरेल्ड
toledo,टोलेडो,तोलेदो
damapar,दमपर,दमापार
khetron,क्षेत्राें,क्षेत्रों
difarard,डिफरर्ड,दिफाराड
latakkar,लटककर,लतककर
bhadkaayaa,भड़काया,भड़काया
haihav,ैव,ैाव
wetinghoue,वेस्टिंगहाउस,वेस्टिंगहौस
tezpur,तेज़पुर,तेजपुर
virodh,विरोध,विरोध
waton,वॉटसन,वा्सन
arth,अर्थ,अर्थ
heter,हेस्टर,हेस्टर
vakrangee,वकरंगी,वकरंगी
chink,छींक,चिंक
panchaootra,पंचसूत्र,पंचसूत्र
tcn,टीसीएनएस,टीसीएनएस
tirthatan,तीर्थाटन,तीर्थाटन
caitlyn,कैटलिन,कैटलिन
aaryika,आर्यिका,आर्यिका
man,मैन,एमन
tara,तरस,तारस
bowling,बाउलिंग,बॉवलिंग
flynn,फ्लिन,फ़्लान
bernard,बर्नार्ड,बर्नराड
arahi,सराही,सराही
ilaaj,इलाज़,इलाज
medical,मेडीकल,मेडिकल
ropaney,रोपने,रोपने
baraamad,बरामद,बारामद
ghataaegi,घटाएगी,घटाएगी
panchang,पंचांग,पंचचंग
urgent,अर्जेंट,यूर्जेंट
tan,स्टैन,स्टैन
ean,ॉन,सीन
nahinkarwaaee,नहींकरवाई,नहिंकरवान
kikiyana,किकियाना,किकियाना
amvedikaran,संवेदीकरण,संवेदकीरण
financier,फाइनेंसर्स,फाइनैंसियर्स
thakkar,ठक्कर,ठक्कर
iyah,सियाह,सियाह
ogrenaaij,ऑग्रेनाइज,ओग्रेनाज़
maddy,मैडी,मैडी
pravritteeyon,प्रवृत्तीयों,प्रवृत्तियों
bhapaee,भपाई,भापी
tulhida,तुलसीदास,तुलिदास
neelaabh,नीलाभ,नीलाभ
dridh,दृढ़,दृध्ध
nicky,निकी,निक्य
aamaany,असमान्य,असामानी
nikalogi,निकलेगी,निकलोगी
akhan,सक्न,सकक्ष
hoaf,हॉफ,होओफ
gaaligalauj,गालीगलौज,गालीगालजज
uthane,उठने,उठने
nauhad,नौाद,नौद
takaleephadeh,तकलीफ़देह,तकलीफेडह
dikhai,दिखार्इ,दिखाई
nikalani,निकालनी,निकानाी
occer,सॉकर,सोसर
raigulization,रैगुलाइजेन,रेगुलाइजेन
weccha,स्वेच्छा,स्वेचा
adrgh,अद्र्घ,अद्रघ
webuniyadee,वेबुनियादी,वेबुनिदीय
buldhana,बुलढाना,बुलधनन
faareni,फारेंसिस,फारेंसिस
atraikt,अट्रैक्ट,अत्रैक्त
veh,वे,वे
bharamaa,भरमा,भरमाा
pharae,फरसे,फरसे
beaulad,बेऔलाद,ब्यूलाड
charlotte,ार्लेट,चार्लोटे
jaanchana,जांचना,जांचना
dikhaaiye,दिखाइये,दिखाइये
very,वैरी,वेरी
inano,इंसानो,इनसानो
narbhakhi,नरभक्षी,नर्भक्षी
antioch,एन्टीओक,एंटियो
phadphadaaen,फड़फड़ाएं,फड़फड़ाएँ
avyavaayi,अव्यवसायी,अव्यवसायी
awbhavik,अस्वभाविक,अस्वभाविक
laalaparee,लालपरी,लालापरी
jhaaiyaan,झाइयां,झाइयाँ
pittburgh,पिट्सबर्ग,पिट्टसबुर्घ
timberwala,स्टिम्बेरवाला,स्टिंबरवाला
mae,मस्से,मासे
jealou,जूलूस,जिलॉस
maey,मैसी,मासे
wanon,स्वानसन,स्वांसों
ghie,घिसे,घिसे
hving,्विंग,्विंग
iddhaarthah,सिद्धार्थः,सिद्धार्था
kanchan,कंचन,कांचन
pat,स्पस्ट,स्पास्ट
dharmagranthon,धर्मग्रंथों,धर्मग्रंथों
dhoondhti,ढूंढती,धूँधती
kuchchh,कुच्छ,कुछ्छ
electronic,इलेक्ट्रॉनिक्स,इलेक्ट्रानिक्स
moolon,मूलों,मूलों
aalha,आल्हा,आल्हा
aadehah,आदेः,आदेाह
anupryogon,अनुप्रयोगों,अनुप्रोगोों
harana,हारना,हरना
mobile,मोबाइल,मोबिले
mumba,बंबा,मुम्बा
icc,आइसीसी,आईसीसी
agra,अग्र,एजीआरए
matek,मस्टेक,मास्टेक
pitne,पीटने,पिटने
purvaaiyon,पुरवासियों,पूर्वासियों
alary,सैलरी,सालरी
dwirookta,द्विरुक्त,द्विरूक्त
mithyaachariyon,मिथ्याचारियों,मिथ्याचारियों
eeaarjee,ईआरजी,ईयरजी
uthaakar,उठाकर,उठाकर
bandhate,बांधते,बंधते
veeraangnaaon,वीरांगनाओं,वीरांगनाओं
fulae,फुलाए,फुलाए
triya,त्रिया,त्रिया
caining,स्कैनिंग,स्कानिंग
duar,दुआर,डुआर
prtigyaa,प्रतिज्ञा,प्रतिज्ञा
fodo,फोड़ों,फोडो
malwan,मालवान,मालवान
ratnaabhoohan,रत्नाभूषण,रत्नभूषण
dublin,डबलिन,डबललन
atin,सैटिन,सतिन
aaan,आसान,आसं
pichde,पिछड़े,पिचडे
baker,बेकर,बेकर
farrukhnagar,फर्रूखनगर,फर्रुखनगर
amdi,आमदी,एएमडीआई
kangan,कंगन,कागगन
chrom,क्रोम,क्रोम
chandrada,चन्द्रदास,चंददररास
pagabadha,पगबाधा,पगाबा़ा
mangeh,मंगे,मंंे
mezbaan,मेज़बान,मेज़बाँ
makarh,मकरः,मकरह
harabh,रभ,राभ
dhoron,धोरों,धोरों
pulatkar,पुलत्स्कर,पुलत्सकर
manchiy,मंचीय,मनचिय
kapoor,कपूर,कपूर
ramjeelaal,रामजीलाल,रामजील
lagataar,लागातार,लगतार
niptaaraa,निपटारा,निप्तरा
upakhyaanon,उपाख्यानों,उपख्यानों
bechate,बेचते,बेचते
textile,टेक्सटाइल्स,टेक्सटाइलस
pahno,पहनो,पहनो
dampatiyon,दंपतियों,दम्पतियों
cigniti,सिग्निटी,सिग्नाइट
mood,मूड,मूद
anchalnon,संचालनों,संचालों
avthayen,अवस्थाएं,अवस्थायें
dhairyavaan,धैर्यवान,धैर्यवान
navaa,नवा,नवा
arawagi,सारावागी,सारावगी
properphaebook,प्रॉपरफेसबुक,प्रोपरफोबैक
ia,ईए,आईए
attraikt,अट्रैक्ट,अट्रैक्ट
utilitie,यूटिलिटीज,यूटिलिटीज
module,मॉड्यूल,मोदुले
bettiah,बेतिया,बेट्टीया
heerhakon,ीर्षकों,ीर्षकों
aaaapaa,आसापास,आसापास
detaan,डेटसन,डिटासन
yogabal,योगबल,योगाबल
yaroohaleim,यरूलेम,यरूललेम
maulvidon,मौलवियों,मौल्विदों
dhaniye,धनिये,धनिये
inghade,सिंघाड़े,सिंघड़े
aarya,आर्यो,आर्य
aadiwadiyon,आदिवादियों,आदिवादियों
belcha,बेलचा,बेलचा
jagadeehachandra,जगदीचंद्र,जगदींचंद्र
talaaha,तलाा,तलाा
vatar,वाटर,वातर
columbia,कोलंबिया,कोलममबयाा
bowling,बोलिंग,बॉवलिंग
repecting,रिस्पेक्टिंग,रिस्पेक्टिंग
ube,सूबे,सुबे
ukhadhakar,उखड़कर,उखाधाकर
achanbha,अचंभा,अचंभा
panghal,पंघाल,पंघल
jefferonville,जेफरसनविल,जेफर्सनिविले
aphault,एस्फाल्ट,असफाल्ट
kihun,किुन,किुन
odom,ओडोम,ओडोम
utpidan,उत्पीडऩ,उत्पिदन
baabat,बाबत,बाबत
gowmutra,गौमूत्र,गोमुत्तर
pilibhit,पीलीभीत,पिलिभित
lekhan,लेख़न,लेखन
monte,मोंटे,मोंटे
naxaliyon,नक्सलियों,नाक्लाियों
chultz,ुल्ट्ज,्ल्ट्ज
pahtun,प्तून,पुत
rajouri,रजौरी,राजौरी
chikitaevam,चिकित्साएवं,चिकित्सावम
jaipur,जयपुर,जैपुर
noobiyaa,नूबिया,नूबिया
jeewan,जीवन,जीवन
ecuador,इक्वाडोर,एक्यूडर
alayamanee,अलयमनी,अलामनी
anyay,अन्याय,अन्ये
jvaaron,ज्वारों,ज्वारों
vidiha,विदिा,विदेा
purzon,पुर्जों,पुर्जों
equitie,इक्विटीज,इक्विटीज
katrina,कैटरीना,कारिना
iayiyon,ईसाइयों,इसाययों
aaipief,आइपीएफ,एआईआईपीईएई
amanwayaka,समन्वयक,सामानवाका
ruell,रसल,रससेल
daraati,डराती,दराती
kahyap,क्यप,का्यप
kathfodave,कठफोड़वे,कथफोड़वे
morepen,मोरपेन,मोरेपेन
kiratpur,कीरतपुर,किरतपुर
mukarte,मुकरते,मुकरते
rookvaai,रुकवाई,रूकवाई
lohati,लोहाती,लोहाटी
airtel,एयरटेल,एयर्ेल
kaavyoktiyaan,काव्योक्तियां,कावो््यतियाँ
chhudawaaya,छुड़वाया,छुड़वाया
kochchih,कोच्चिः,कोच्छिच
khinchakar,खिंचकर,खिंचकर
ananddaayak,आनंददायक,आनंद्ादाक
offerh,ऑफरः,ओफ़र्
wealth,वेल्थ,वेल्थ
abhaadon,सभासदों,सभासदों
maheenawat,मीनवत,मीनावत
jyaada,ज़यादा,ज्यादा
hr,एचआर,हर्
vruton,वृत्तों,व्रुतों
waadpremiyon,स्वादप्रेमियों,स्वादप्रेमियों
fitzgerald,फिजराल्ड़,फिटजजररल्ड
villa,विला,विल्ला
jivati,जीवति,जीवती
brijeh,ब्रजे,ब्रिजे
upakhyanon,उपाख्यानों,उपख्यानों
dwiarthi,द्विअर्थी,द्वियार्थी
q,क्यूएसएस,केक्स
vartmaan,वर्तमान,वार्टमान
jangan,जनगन,जंगान
dablyoopidi,डब्ल्यूपीडी,डबल्युपिडी
chalenge,चलेंगे,चलेंगे
alazar,सालाज़र,सलाजार
oya,सोया,सोया
pedoo,पेडू,पेडू
reno,रिनो,रेनो
chaeffler,स्कैफलर,ीफेलर
tivolee,टिवोली,टिवोली
vaimanya,वैमनस्य,वैमन्य
varun,वरुण,वरुन
koling,कोलिंग,कोलिंग
rihwatkhor,रि्वतखोर,रि्वतोोर
khatakti,खटकती,खातकती
phalitartha,फलितार्थ,फलितार्थ
producton,प्रॉडक्टों,प्रोडक्टन
ganeha,गणेा,गणेा
ameekhaakartaa,समीक्षाकर्ता,समीक्षककर्ता
vaadak,वादक,वादक
hukhookh,हुक़ूक़,हुखूख
cootaron,स्कूटरों,स्कूटरों
airway,एयरवे,एयरवे
oodkhoron,सूदखोरों,सूदखोरों
duhwariyon,दु्वारियों,दु्वरियों
pratikaara,प्रतिकारा,प्रतिकारा
ralaud,रालोद,राौौड
bulandhahr,बुलंदहर,बुलंदहर
dhokebaaj,धोखेबाज,धोकेबाज
bhumi,भूमी,भुमी
udanon,उड़ानों,उड़नों
lozano,लोज़ानों,लोज़नो
vyavathavirodhi,व्यवस्थाविरोधी,व्यवस्थाविरोधी
phoodon,फूडॉन,फूड़ों
urf,उर्फ,यूआरएफ
rupa,रूपा,रुपा
turbine,टरबाइन,टर्बाइन
himat,िमट,िमत
charanbaddha,चरणबद्घ,चरणबद्ध
farm,फार्म्स,फर्म्स
lui,लुईस,लुइस
arhind,सरहिंद,सरहिन्द
vyavathapana,व्यवस्थापना,व्यवस्थाना
meghwal,मेघवाल,मेघवाल
manju,मंजू,मांजू
lehna,लहना,लहना
bhaloo,भाालू,भलूँ
properfacebuk,प्रॉपरफेसबुक,प्रोपरफेबबक
uthani,उठनी,उठनी
pradarhan,प्रर्दन,प्रदर्न
dharmapatriyaan,धर्मपत्रियां,धर्मपत्रियाँ
thappadhabaajhee,थप्पड़बाज़ी,थप्पाभाजी
nirdehika,निर्देिका,निर्देिका
amitaon,अस्मिताओं,अस्मिताओं
grihmotav,ग्रीष्मोत्सव,ग्रिषमोत्सव
two,टु,ट्वोओ
hat,षट्,त
baadhaon,बाधाओं,बाध़ओं
kpo,केपीओ,कीपीओ
anhoni,अनहोनी,अन्होनी
awyer,सॉयर,सावेयर
valkan,वल्कन,वालकान
karnehwardham,कर्णे्वरधाम,कर्णे्वरधाम
parhdon,पार्षदों,पार्दों
rihtey,रि्ते,रि्तेय
mhagranth,महाग्रंथ,महाग्रंथ
uken,सुजेन,सुकेन
dayitvon,दायित्वों,दयित्वों
nagappattinam,नागापट्टिनम,नागपप्तिटनम
chadhegaa,चढ़ेगा,चढ़ेगा
dhonaa,धोना,धोना
education,एजुकेन,एडुकेन
danga,दंगा,दांगा
varnankartaaon,वर्णनकर्ताओं,वर्णांकर्ताओं
nyayalayeen,न्यायालयीन,न्यायलायीन
ikhaaega,सिखाएगा,सिखायगा
dune,दूने,डुने
pendulam,पेंडुलम,पें्ूलम
mitaao,मिटाओ,मिटाओ
bhogte,भोगते,भोगते
yaddaht,याद्दा्त,यद्द्त
taiboo,टैबू,तैबू
jivant,जीवंत,जीवंत
truck,ट्रक,ट्रक
yaaddaahta,याद्दा्त,यादद्तता
dhawakon,धावकों,धावकों
fiad,फ़ीसद,फिसदद
tantra,तंत्र,तंत्र
hield,सील्ड,िल्ड
chaudhari,चौधरी,चौधरी
arunai,अरुणाई,अरुणाई
menrajya,मेंराज्य,मेनराज्य
yatraen,यात्राएं,यात्राएं
pukhtaa,पुख़्ता,पुखता
endha,सेंधा,सेंधा
rihtedaaro,रि्तेदारो,रि्तेदारो
aatin,आस्तीन,आस्तिं
halla,हल्ला,हल्ला
kaega,कसेगा,कासेगा
muhahid,मुाहिद,मुाहिद
dehkal,देकाल,देकाल
flower,फ्लावर्स,फ्लॉवर्स
greenville,ग्रीनविल,ग्रीनविले
amavaya,अमावस्या,अमावस्य
chuka,चौका,चुका
tareeko,तरीको,तरीको
chhure,छुरे,छुरे
lalaniyaa,ललानिया,ललनिया
varhan,वर्न,वर्षन
chadhne,चढ़ने,चढ़ने
aboodaane,साबूदाने,सबूदाने
water,वाटर्स,वाटर्स
baramade,बरामदे,बारामादे
dhamaanaa,धस्माना,धसमाना
niwarth,निस्वार्थ,निस्वार्थ
mitriyan,मिस्त्रियां,मिस्त्रियां
bremerton,ब्रेमटन,ब्रेमर्टों
aalto,ऑल्टो,आल्टो
hreemahapurn,्रीमहापूर्ण,्रीमहापूर्ण
janbhawna,जनभावना,जनभनवन
jaanchkarata,जांचकर्ता,जांचकरता
kamjor,कमज़ोर,कमजोर
khairati,खैराती,खैराती
andrbh,संदर्भ,साद्र्भ
pratibandhah,प्रतिबन्धः,प्रतिबंधध
cerebra,सेरेब्रा,सेरेब्रा
gullaravaalaa,गुल्लरवाला,गुल्लारवाला
bhuvnehvapraad,भुवने्वप्रसाद,भूवनेेप्ससाद
aupengee,सौंपेंगी,सौपेंगी
mukehvari,मुके्वरी,मुके्वरी
fatma,फातमा,फेटमा
antree,संत्री,संत्री
patkathaein,पटकथाएं,पटकथाएं
avegyanik,अवैज्ञानिक,आवेग्ञनिक
girijagharon,गिरजाघरों,गिरजगारोों
jwar,ज्वार,ज्वार
tughlaqabad,तुगलकाबाद,तुलघाबादद
beat,बीस्ट,बेस्ट
raadhe,राधे,राधे
naranharon,नरसंहारों,नरसंहरों
apaardarhi,अपारदर्ी,अपारदर्ी
udaya,उडाया,उदया
matpatron,मतपत्रों,मत्प्तरों
maujud,मौजुद,मौजुद
uaki,उसकी,उसकी
notbandeehuda,नोटबंदीुदा,नोटबंदेुदा
tel,तेल,टेल
jodhikaa,जोधिका,जोधिका
uttar,उत्तर,उत्तर
prathaanon,प्रस्थानों,प्रस्थानों
arena,अरेना,अरेना
amanati,अमानती,अमननत
pidilite,पीडीलाइट,पिडिलाइट
rectare,रैकेटियर,रेक्टरे
pradeh,प्रदे,प्रदे
wanon,वाणों,वनों
laphphaajee,लफ्फाजी,लफ़फााी
ghaziabad,ग़ाज़ियाबाद,गाज़ीयबाद
widroop,विद्रूप,विद्रूप
rajman,राजमां,राजमान
panjika,पंजिका,पंजिका
phooltee,फूलती,फूलती
krihnanagar,कृष्णानगर,कृष्णानगर
ametati,समेटती,समेटती
duhkriyaa,दुष्क्रिया,दुष्क्रिया
landal,लेंडल,लांडल
margarita,मार्गरिटा,मार्गरिता
dekhiyegaa,देखियेगा,देखियेगा
merta,मेड़ता,मेरता
anvaree,संवरी,सँवरी
financial,फाइनेंसियल,फाइनेंियल
mineral,मिनरल,मानेरल
thki,थकी,ठोकी
patrakaarvarta,पत्रकारवार्ता,पत्रकारवर्ता
vihvarakt,वि्वरक्त,वि्वरक्त
atwaal,अटवाल,अत्वाल
chitrakathaa,चित्रकथा,चित्रकथा
buddhizeevon,बुद्धिजीवों,बुद्धिजीवों
praarambhikataa,प्रारंभिकता,प्रार्भािकता
dubhahiyon,दुभाषियों,दुभाषियों
aalochakon,आलोचकों,आलोचकों
anonditaa,अनोंदिता,अनोदिता
ripan,रिपन,रिपन
hikariko,हिकारिको,हिकारिको
programmer,प्रोग्रामर्स,प्रोग्राममम्स
tide,टाइड,टाइड
depthiriya,डिप्थीरिया,देप्थिरिया
ukadiyaal,सुकडि़याल,सुकडियाल
francika,फ्रांसिस्का,फ्रांसिकााा
khambhat,खंभात,खम्भाट
gomukh,गौमुख,गोमुख
neetiyon,नीतियों,नीतियों
badhaataa,बढ़ाता,बढ़ाता
malhotra,मल्होत्रा,मल्ोो्रा
purvapekhaaon,पूर्वापेक्षाओं,पूर्वपेक्षाओं
aavritiyon,आवृत्तियों,आवृतियों
trikaldarhee,त्रिकालदर्ी,त्रिकलदर्ी
eth,सेथ,सेथ
hmil,मिल,्मिल
lah,स्लै,स्ला
kping,कपिंग,कीपीईज
awathaen,अवस्थाएं,अवस्थाएं
dhamm,धम्म,धम्म
authoritee,ऑथोरिटी,एथोरिटी
bharadwaj,भारद्वाज,भारदावज
chauka,चौका,चौका
vyavadhan,व्यवधान,व्यवधन
reon,रेसों,रेसन
gaayikao,गायिकाओ,गायिकाओ
pulama,पुलमा,पुलामा
dehkaal,देकाल,देकाल
aurora,औरोरा,औरोरा
patil,पाटिल,पतिल
anvedikaran,संवेदीकरण,संवेदकीरण
lopez,लोपेज़,लोपेज
bhatia,भाटिया,भटिया
chkkar,चक्कर,चककर
dhvanimikon,ध्वनिमिकों,ध्वनिमिकों
malegaon,मालेगांव,मालेगांव
cheekhana,चीखना,चीखना
kathhnaeeyon,कठनाईयों,कठनाइयों
dayaalapuraa,दयालपुरा,दयालापुरा
maratha,मराठा,मराथा
aamriyapada,आमरियापाड़ा,आमरियापाड
criti,क्रिस्टिस,स्रिस्टिस
jeevvigyaniyon,जीवविज्ञानियों,जीवविज्ञानियों
cryptocurrencyon,क्रिप्टोकरेंसियों,क्रिप्टोक्रैंकनन
riva,रिवास,रिवास
vivekadhin,विवेकाधीन,विवेकधिन
udakihuganj,उदाकिुनगंज,उदाकिगुजन
tolaaan,तोलासन,तोलासन
havkon,ावकों,वकों
jamati,जमाती,जमती
gaanth,गांठ,गाँथ
bitane,बीताने,बिटने
montclair,मोंटक्लेयर,मोंटकैलर
avita,सविता,सविता
kapolkalpana,कपोलकल्पना,कपोलपकल्ना
tuglakabad,तुगलकाबाद,तुलगाकाबाद
cret,क्रेस्ट,स्रेस्ट
halmatpura,हलमतपुरा,हलमतपुरा
ambikaon,अम्बिकाओं,अम्बिकाओं
talaahegaa,तलाेगा,तलाेगा
iragitti,सिरगिट्टी,सिरगगिटी
nikare,स्नीकर्स,स्निकारसे
dataanen,दस्तानें,दस्तानें
benitez,बेनिटेज़,बेनिएे
adangaa,अड़ंगा,अड़ंगा
thirty,थर्टी,थर्टी
mahanidehak,महानिदेक,महानिदेक
atuaa,सतुआ,सतुआ
jalbharav,जलभराव,जलभरव
lela,लेलऽ,लेला
jadit,जड़ित,जादित
baljit,बलजीत,बालजीत
chaukhate,चौखटे,चौखते
benvar,बेंवर,बेंवर
rowan,रोवन,रोवान
aga,सागा,सागा
auguta,अगस्ता,अगुस्ता
awal,सवाल,सवाल
vidyaathyon,विद्याथयों,विद्याथ्यों
ranjkatha,रंजकता,रंजकठा
joneboro,जोन्सबोरो,जोनेस्बोरो
khagyaar,खग्यार,खाग्यर
adhik,अधीक,अधिक
chidchidapan,चिड़चिड़ापन,चिदचिदापन
mudichu,मुडिचु,मुडीचु
hattieburg,हैटीज़बर्ग,हैटीज़ब्बर्ग
whittier,व्हिटियर,व्हिटििर
veronica,वेरोनिका,वेरोनिका
baitool,बैतूल,बैतूल
raajthanwaiyon,राजस्थानवासियों,राजस्थानवािियों
kharuvaar,खरुवार,खरुवार
championhip,चैंपियनिप,चैम्पििन्
abajooniyar,सबजूनियर,सबजूनियर
chatagaon,चटगांव,चटगांव
dwt,डीडब्ल्यूटी,डीवीटी
andhra,आंध्रा,आंधररा
haamjeebhaaee,ामजीभाई,ामजीभाई
virechan,विरेचन,विरेचन
ahemdabadah,अहमदाबादः,अहेमदाबाह
katal,कताल,काटल
uzlon,सुज़लोन,सजलोन
bamlehvaree,बम्ले्वरी,बमले्वरी
tinkaa,टिंका,टिंका
araaymohiuddeenpur,सरायमोहिउद्दीनपुर,सरायमुहदीनपुर््
javabah,जवाबः,जवाबाह
jhuthlane,झुठलाने,झुठलने
hollywood,हॉलीवुड,हॉलीवुड
rapping,रैपिंग,रैपिंग
kumari,कुमारी,कुमारी
hubhprabhaa,ुभप्रभा,ुभप्रभा
bangravala,बंगरावाला,बांगरावाला
matthe,मत्थे,मत्ठे
bhranti,भ्रांति,भ्रांती
nora,नोरा,नोरा
damle,दामले,दमले
kabahaa,कबहा,कबहा
farm,फार्म,फ़र्म
odhakar,ओढ़कर,ओधकर
vimarhon,विमर्ों,विमर्षों
trap,ट्रैप,ट्रैप
gaumutra,गौमूत्र,गौमुत्र
everet,एवरेस्ट,इवरेस्ट
aguta,अगस्ता,अगुस्ता
baji,बाज़ी,बजी
brewerie,ब्रेवरीज,ब्रेवरीज
utpeedan,उत्पीडऩ,उत्पीदन
baapa,बापा,बापपा
aatmamugdh,आत्ममुग्ध,आत्मुु्ध
abut,एबट,एबीटी
amprabhuta,संप्रभुता,संप्रभूता
kaathalaa,काथला,काठला
mukhyamantriyon,मुख्यमन्त्रियों,मुख्यमंत्रियों
danpati,दंपति,दापति
fulaaye,फुलाए,फुलाए
ubhrega,उभरेगा,उभरेगा
anhida,अनिदा,अंिदा
mahaanagarawaaiyon,महानगरवासियों,महानगरावासािियों
nanhein,नन्हें,नन्हें
ujhati,सुझाती,सुझती
kavi,कवि,कवी
rowe,रोवे,रोवे
puroohottamachaary,पुरूषोत्तमाचार्य,पुरोषोत्तामाचारी
badhaon,बाधाओं,बढ़ाओं
langaron,लंगरों,लांगरों
lokabhavalee,लोकसभावाली,लोकसभववलल
loveland,लवलैंड,लोवेंड
vanhvaad,वंवाद,वंवाद
pahuchaaraa,पुचारा,पुचारा
inha,सिन्हा,सिन्हा
hemptead,हेम्प्सटेड,हेम्प्स्टेड
bhal,भाल,भल
khetradwaaraa,क्षेत्रद्वारा,क्षेत्रदावराणा
jame,जेम्स,जेम्स
irtee,सिरती,सिरती
hankacharaachaarya,ंकचराचार्य,ंकाचाराचार्य
vidyutikrit,विद्युतीकृत,विद्युतीकृत
bihadhee,बिड़ी,बिधी
baripada,बारिपदा,बारीपाड़ा
phoo,फूस,फूस
ladki,लड़की,लड़की
lodi,लोदी,लोड़ी
harvanh,हरवं,हरवं
chouhan,चौहान,चूहान
adhiva,अधिवास,अधिवास
bhara,भरा,भारा
warnavyavathaavaadiyon,वर्णव्यवस्थावादियों,वर्णवववव्यागाााियं
kurami,कुरमी,कुरामी
uven,सुवेन,सुवेन
ohaval,सोहावल,सोहावल
parivaarwaale,परिवारवाले,परिवारवाले
jaanam,जानम,जानम
hould,ुड,ोल्ड
roket,रकेट,रोकेट
majboori,मज़बूरी,मजबूरी
daubaaraa,दौबारा,दौबारा
maurya,मौर्यों,मौर्य
nano,नैनो,नैनो
pratirakhi,प्रतिरक्षी,प्रतिरक्षी
kaanting,कांस्टिंग,कांस्तिंग
delta,डेल्टा,डेल्टा
ci,सीएसआई,सीएसआइ
ikhrul,उखरुल,इखरुल
pakayen,पकाएं,पकाएं
riaalee,रिसाली,रिसाली
indaurnagar,इंदौरनगर,इंदौरनगर
nikharen,निखारें,निखारें
ohawal,सोहावल,सोहावाल
tyohaar,त्यौहार,त्योहार
bhapaai,भपाई,भपाई
tyoihar,त्यौहार,त्योइहर
naqaab,नक़ाब,नकाब
vangchuk,वांगचुक,वांगचुक
aalhaa,आल्हा,आलहा
vihhin,विषहीन,वििन
deedablyutee,डीडब्ल्यूटी,डीडब्ल्युटी
zilaadhikaari,ज़िलाधिकारी,ज़िलाधकाििरी
azoopermia,एजूस्पर्मिया,एज़ो्््रमिया
phalata,फलता,फललता
pataakhep,पटाक्षेप,पताक्षेप
time,टाइम,टाईम
moe,मोसेस,मोजेस
pranit,प्रनीत,प्रणित
raith,रैथ,राथ
ekthi,इकठ्ठी,एकठी
vaataanukooliton,वातानुकूलितों,वातानुकोलिकों
fayetteville,फयेत्तेविल्ले,फेयटेट्वेले
mahamantra,महामंत्र,महामंत्र
novato,नोवाटो,नोवाटो
tagde,तगड़े,ताग्े
tevree,तेवरी,तेवरी
pardei,परदेसी,परदेसी
intaravyu,इंटरव्यु,इंतररव्यू
handiyaa,हंडिया,हंडिया
abudana,साबुदाना,सबुदना
mum,मम,मुम
formic,फार्मिक,फोर्मिक
chhelai,छेलै,छेलाई
chanan,चानन,चनन
reliance,रिलायंस,रिलायंस
udhaaratee,सुधारती,सुधारती
gabalee,गबली,गबली
vyagra,व्यग्र,व्याग्रा
dehbhaktimaya,देभक्तिमय,देभभ्तिकीय
ajit,अजित,अजित
night,नाइट्रस,निघ्ट्स
quah,स्क्वा,स्क्वा
hackenack,हैकेंसैक,हैकेनसक
laguna,लगुना,लागुना
tawaron,तस्वारों,तस्वरों
udhaargrah,सुधारगृह,सुधारग्रह
mehmaan,मेहमान,मेहमां
mohe,मोे,मोे
dhahaane,ढहाने,ढहाने
hrungar,ृंगार,्रुंगर
bhandara,भंडारा,भंडाााा
amjhunga,समझूंगा,समझुंगा
elendt,एलएंडटी,एलेंड्ट
bhattacharya,भट्टाचार्य,भट्टाचार्य
whitaker,वाईटेकर,व्हितकर
nihandeh,निःसंदेह,निहसंदेह
chayaniton,चयनितों,चयनितों
inurance,इं्योरेंस,इन्सर्ंसस
patrani,पटरानी,पत्रानी
bhaate,भाते,भाते
ohrai,सोहराई,सोहराई
prahnottari,प्र्नोत्तरी,प्र्नोत्तरी
ambani,अम्बानी,अंबानी
nichalaa,निचला,निचला
midwet,मिडवेस्ट,मिडवेस्ट
vihwaniiyataa,वि्वसनीयता,वि्वसनिीयता
ichchhaachaaree,इच्छाचारी,इच्छाचारी
naagmandal,नागमण्डल,नागमंडल
apaat,सपाट,सपात
errano,सेरानो,सेर्रानो
ajara,अजस्र,अजस्रा
bethlehem,बैथलहम,बेथलेहम
habra,हाबरा,हब्रा
foohadta,फूहड़ता,फूहद़ता
kapurthala,कपूरथला,कापूर्थला
politheenon,पॉलिथीनों,पोलीथिनों
allout,ऑलआउट,अलाउट
lalkarta,ललकारता,लालकर्ता
halimar,ालीमार,लीमार
barahinga,बारहसिंगा,बारहसिंगा
reeta,रीता,रीता
pratinirdeh,प्रतिनिर्दे,प्रतिनिर्दे
hindan,हिंडन,हिंदन
chipakane,चिपकने,चिपकने
ravel,रवैल,रेवेल
zavala,ज़वाला,ज़ावाला
charchaaen,चर्चाएँ,चर्चाएं
poorvapekhaaon,पूर्वापेक्षाओं,पूर्वपेक्षाओं
engeline,एंजेलिन,एंजलाइन
pagla,पगला,पगला
gujarat,गुजरात,गुजरत
niyuttiyon,नियुत्तियों,नियुत्तियों
ubal,उबाल,उबल
bravo,ब्रावो,ब्रेवो
pahchamee,प्चमी,प्चमी
chauk,चौक,चौक
kathua,कठुआ,कठुआ
motihari,मोतिहारी,मोतीहारी
waaamukt,वसामुक्त,वसामुक्त
aurora,ऑरोरा,ओरोरा
kurmi,कुर्मी,कुरमी
aafa,आफॅ,आफ़ा
gareebon,ग़रीबों,गरीबों
kraanfrening,क्रान्फ्रेंसिंग,क्रान््फ़र्ंिंग
chungiyon,चुंगियों,चुं्ियों
jagtap,जगताप,जगताप
palanpur,पालनपुर,पालनपुर
lider,स्लाइडर,स्लाइडर
beverage,बेवरेजेस,बेवरेजज
eto,सेटो,सेटो
mahaadharmaadhyakha,महाधर्माध्यक्ष,महाधरमध्यक्षा
vindhya,विंध्या,विंध्य
mhajan,महाजन,म्हजान
haaranaa,हारना,हारना
uiyan,सूइयां,सुइयां
hataantaraneey,हस्तांतरणीय,हस्तांंतरीय
pahunchogee,पहुंचोगी,पहुंचगोी
lakhyon,लक्ष्यों,लक्ष्यों
barhad,बरहद,बरहद
prabhanmantri,प्रभानमंत्री,प्रभानमंत्री
emdablyupiel,एमडब्ल्यूपीएल,एमडैब्लययूपिल
radhakruhnada,राधाकृष्णदास,राधाकृषणदास
pratinidhikaaree,प्रतिनिधिकारी,प्रतिनिधिकारी
perel,पेरेल्स,पेरेल्स
montebello,मोंटेबेल्लो,मोंटेबेलो
ulati,सुलाती,सुलैती
kolorado,कोलोराडो,कोलोराडो
lim,लिम,लीम
aadhin,आधीन,आधिन
mahavidya,महाविद्या,महाविद्य
naakaam,नाकाम,नाकाम
bhraanti,भ्रांति,भ्रांति
danptiyon,दंपतियों,दांतियों
anaavahyak,अनाव्यक,अनवव्षय
watikakaar,स्वास्तिकाकार,स्वस्तिकाकर
mejbani,मेज़बानी,मेजबनी
haokip,हाओकिप,हाकिप
mhantam,महानतम,महांटम
city,सिटी,सीटीआई
paraamarhak,परामर्क,परामर्षक
avery,एवरी,एवेयरी
ah,साह,साह
ulkhan,सुलखान,सुलखन
harpaal,हरपाल,हरपाल
aleem,अलीम,एलीम
braat,बरात,ब्रात
khan,खान,खान
bentonville,बेंटनविल,बेंटोंविले
pendulum,पेंडुलम,पें्ूलम
wirerle,वायरलेस,वायरलेस
midnapore,मिदनापुर,मिडनापुर
vigyan,विज्ञान,विज्ञान
ubteni,सबस्टेंसिस,सब्स्टेंसिस
garud,गरुड़,गारुड
bhuj,भुज,भुज
hillboro,हिल्सबोरो,हिल्सबोरो
manzil,मंजिल,मंजिल
jhamaaten,ज़मातें,झमातें
ferth,फर्थ,फर्थ
kurvetee,कुर्वेती,कुरवती
letakar,लेटकर,लेटाकर
doudaate,दौड़ाते,दूड़ते
jhaadaa,झाड़ा,झाड़ा
badh,बाध,बढ़
pratibaddhata,प्रतिबद्धाता,प्रतिबद्धता
alo,एएलओ,अलो
trongville,स्ट्रोंगस्विल,स्ट्रोंगस्वलल
hafate,हांफते,हफते
mithhaiyaan,मिठाइयाँ,मिठाइयाँ
gaytri,गायत्री,गैत्री
uman,सुमन,सुमन
reeve,रीव्स,रीवेस
faanon,फानों,फ़ानों
imaandaari,इमानदारी,ईमानदारी
harna,हारना,हरना
karab,करब,करब
antati,संतति,संतति
tyoharon,त्यौहारों,त्योहरों
tration,स्ट्रेन,स्ट्रेन
dibanoo,डिबनू,दिबननो
chhatenee,छतेनी,छतनी
videoh,वीडियोः,विदेयोह
kribarabh,कृबरभ,क्रिबारभ
janbhavna,जनभावना,जनभव्न
flint,फ्लिंट,फ्लिंट
cant,कांट,कैन्ट
wamy,स्वामी,स्वामी
ambikaaon,अम्बिकाओं,अम्बिकाओं
mantriyonke,मंत्रियोंके,मांत्रियोके
uneeti,सुनीति,सुनीति
mahadhipatiyon,महाधिपतियों,महाधिपतियों
prahaarak,प्रहारक,प्रहरक
kaamanaen,कामानाएं,कामनाएं
agartala,अगरतला,अगरतला
raktdaataaon,रक्तदाताओं,रक्तदाताओं
partanee,परतानी,पर्टनी
polihing,पॉलििंग,पोलििंग
mizoram,मिज़ोरम,मिज़ोरम
uryadev,सूर्यदेव,सूर्यदेव
chhetthari,छेत्री,छेत्ठरी
iri,आईरिस,आईआरआईएस
awaazen,आवाज़ें,अवाजें
baataaya,बाताया,बाताया
udelkar,उड़ेलकर,उदेलकर
khetren,क्षेत्रें,क्षेत्रें
amadjiyon,समाधियों,समदद्यियों
yahpal,यपाल,यपाल
hreeadguru,्रीसद्गुरु,्रीसददगुर
molina,मोलिना,मोलिना
maangeena,मांगीना,माँगीना
reduction,रिडक्न,रिडक्न
ira,सिरसा,सिरसा
dhtuen,धातुएं,ध्तूएं
beltran,बेल्ट्रान,बेल्ट्रन
akhuaapaadaa,अखुआपाड़ा,अखुआपाड़ा
junun,जुनून,जुनून
hiham,हिाम,हिम
nihkarhah,निष्कर्षः,निष्कर्ष
talve,तलवे,तलवे
vedon,वेदों,वेडों
pattnaik,पटनायक,पट्टैनक
bhulta,भूलता,भुलता
jenner,जेनर,जेनर
nmdc,एनएमडीसी,एनएमडीसी
bodara,बोदरा,बोदरा
yakhadhipati,यक्षाधिपति,यक्षाधिपति
vivekahin,विवेकहीन,विवेकहहिन
krueger,क्रुएगर,क्रूजर
daramyanee,दरम्यानी,दरम्यानी
wadhawan,वधावन,वाधवां
pahla,पहला,पहला
pehno,पहनो,पेहोन
puroohottamaachary,पुरूषोत्तमाचार्य,पुरोषोत्तममचारी
evalaa,सेवाला,सेवला
joddta,जोड़ता,जोड़ता
darhnaarthi,दर्नार्थी,दर्नार्थी
ghumakkdon,घुमक्कड़ों,घुमक्कों
bhoogol,भूगोल,भूगोल
jiya,जिया,जिया
ridge,रिज,रिडगे
phode,फोड़े,फोडे
ankeny,एंकेनी,अंकेनी
robertan,रॉबर्टसन,रोबर्टसन
jadet,जड़ित,जादेत
raktaabh,रक्ताभ,रक्ताभ
waan,वाण,वाँ
parwa,परवा,परवा
irani,इसरानी,इसरानी
tyler,टाइलर,टाइलर
holding,होल्डिंग,होल्डिंग
arunachal,अरुणाचल,अरुणाचल
apate,सपाटे,सपते
peelepan,पीलेपन,पीलेपन
hbana,बाना,्बाना
andali,संदली,संदाली
apj,एपीजे,एपीजे
jilavaiyon,जिलावासियों,जिलावासियों
jamloki,जमलोकी,जामोलकी
kamzor,कमज़ोर,कमज़ोर
hogi,होगिस,होगिस
aadaan,आदान,आदाँ
jerualem,येरुलम,जेरूलेम
phikingah,फिक्सिंगः,फिकसिंह
udana,उड़ाना,उड़न
anghiyataa,संघीयता,संघियता
ghontanaa,घोंटना,घोंटना
arvjaateeya,सर्वजातीय,सर्वजतीय
jaatak,जातक,जातक
pariwarwale,परिवारवाले,परिवारवाले
khand,खंडा,खण्ड
karnehvardhaam,कर्णे्वरधाम,कर्णे्वरधाम
pradehikaa,प्रदेिका,प्रदेिका
yojnah,योजनाः,योजनाह
manfield,मैन्सफील्ड,मैनफ़िल्ड
ravaley,रावले,रवेले
aadivaadiyon,आदिवादियों,आदिवादियों
buddhijeewon,बुद्धिजीवों,बुद्दिजीवों
putliyan,पुतलियां,पुट्लियां
omvar,साेमवार,सोमवार
raghavan,राघवन,राघवन
pratihthaanon,प्रतिष्ठानोंं,प्रतिष्ठानों
keeti,कीति,कीती
ahaktataa,अक्तता,अक्तता
preranaapuree,प्रेरणापुरी,प्रेरणारुपी
laalmanee,लालमणी,लालमणी
ambikapur,अम्बिकापुर,अम्बीकपुर
haito,हैतो,हाइतो
nirbadh,निर्बाध,निरबाध
warthparak,स्वार्थपरक,स्वर्थपरक
rahamat,रहमत,रहमत
raileeh,रैलीः,रैलीह
penhandhaariyon,पेंनधारियों,पेंनधारियों
acevedo,एस्वेडो,एसेवोडो
wpd,डब्ल्यूपीडी,वीपीडी
pravrittivigyanon,प्रवृत्तिविज्ञानों,प्रवृतित्तिविञ्ञाओं
gulf,गल्फ,गुल्फ़
dhankkar,ढंककर,धंककर
lengdan,लैंगडन,लेंगदान
murrieta,मुर्रिएटा,मुरीरेटा
rihtanaataa,रि्तानाता,रि्तनाता
adhiwa,अधिवास,अधिवास
vidhivat,विधिवत,विधिवत्
dredger,ड्रेजर,ड्रेडर
ruktey,रुकते,रुक्ते
dhndhe,धंधे,धनढे
jiyaangkou,जियांगकोऊ,जियांगकोउ
wauau,वौसौ,वौसाउ
brown,ब्राउन,ब्रोन
haavakon,ावकों,ावकों
bombay,बॉम्बे,बोमबेय
nrityahaili,नृत्यैली,नृत्यैली
qwvga,क्यूडब्ल्यूवीजीए,कीवीकेवा
preranapuree,प्रेरणापुरी,प्रेरणपुरी
bichchon,बिच्चों,बिच्छों
bahulya,बाहुल्य,बहुल्या
ingaar,सिंगार,सिंगार
maum,मौम,मौम
mtech,एमटेक,मीटेक
dehri,डेहरी,देहरी
eneeyoo,एनईयू,इनियू
tadanruti,तदंरुस्ती,तदनर्स्ति
underwood,अंडरवुड,अनडरवुड
taraahakar,तराकर,तराकर
nagraj,नागराज,नागराज
gidgidate,गिड़गिड़ाते,गिड्गिडेट
parikhaen,परीक्षाएं,परिखाएँ
ulhaapur,उल्हासपुर,उल्हासपुर
ail,ऐल,एआईएल
klein,क्लेन,क्लैं
chahma,चष्मा,च्मा
heblikar,हेब्लिकर,हेल्बिकर
valkkan,वल्कन,वालककन
bouni,बौनी,बाउनी
prayogapruhth,प्रयोगपृष्ठ,प्रयोगप्रुथ
webb,वेब,वेब्ब
tarutal,तरुतल,तरुतल
talkhow,टॉको,तलक्षोव
tonk,टोंक,टोंक
ubarkar,उबरकर,उबरकर
plu,पल्स,प्लस
packagon,पैकेजों,पैकागॉन
chimate,चिमाते,चिमटे
aayudhnirmaanee,आयुधनिर्माणी,आयुधनिर्मियन
aagaahe,आगाे,आगाे
cementation,सीमेंटेन,सीमेंटेन
nutrio,न्यूट्रियो,न्यूट्रियो
apat,सपाट,सपपत
aipp,ऐप्प,एआईपीपी
kundaliya,कुंडलियाँ,कुंडलिया
bhadauriya,भदौरिया,भदौरिया
itibhagwatee,इतिभगवती,इतिभागवती
allrounder,ऑलराउंडर,एलराउंडर
maap,माप,माप
iyaha,सियाह,सियाह
rozlyn,रोजलिन,रोजलियन
wind,विंड,वाईईईडी
roadrej,रोडरेज,रोडरेज
mahamantr,महामंत्र,महामंत्र
yaruhalem,यरूलेम,यारुले
chi,ची,ची
odhkar,ओढ़कर,ओढकर
dubana,डूबना,दुबाना
vipanak,विपणक,विपानक
donaldon,डोनल्डसन,डोनाल्डन
oberver,ऑब्जर्वर,ओब्सरवर
putta,पुट्टा,पुट्टा
catholicon,कैथोलिकों,कैथोलिकॉन
balmiki,बाल्मीकि,बालमिकी
winter,विंटर,विंटर
tripura,त्रिपुरा,त्रिपुरा
jiangkou,जियांगकोऊ,जियंगकोउ
ordanen,ऑर्डनेंस,आर्डेंस
beeavaan,बीसवां,बीसवां
rukavaton,रूकावटों,रुकवतों
anuchit,अनुचित,अनुचित
amzera,अमझेरा,अमजेरा
fincorp,फिनकॉर्प,फिनकॉर्प
anchari,संचारी,संचारी
jalanadhan,जलसंसाधन,जलसंसधन
aryon,आर्यों,अर्यों
hohadapantee,ोहदापंती,ोहडपपंती
galaega,गलाएगा,गलागा
khemik,खेमिक,खेमिक
fatehpur,फ़तेहपुर,फतेहपुर
todne,तोडऩे,तोड़े
gandhipura,गांधीपुरा,गांधीपुरा
rizvi,रिज़वी,रिजवी
parntaron,पर्नस्टारों,पर्ंस्तरों
varnavyavathaawaadiyon,वर्णव्यवस्थावादियों,वर्णव्यवंहादाविियों
iddhantavaadiyon,सिद्धांतवादियों,सिद्धानतादावियों
form,फार्म,फोर्म
mod,मॉड,मोद
ranneetibanaa,रणनीतिबना,रण्नीतीबन
telelink,टेलीलिंक्स,टेलीलिंक
chee,ची,ची
aapkaa,आपका,आपका
aathaath,साथसाथ,साथसाथ
kanalog,कनलोग,कनलाग
follow,फ़ॉलो,फोलोव
mukhyamantriyon,मुख्यमंत्रियाें,मुख्यमंत्रियों
iddhalingaa,सिद्दालिंगा,सिद्धलिंगा
activa,ऐक्टिवा,एक्टिवा
prit,स्प्रिट,स्पृत
mulchand,मूलचंद,मुलचंद
raayanon,रसायनों,रसायनों
linda,लिंडा,लिंडा
apramaan,सप्रमाण,सप्रमान
kargil,कारगिल,कार्गिल
udar,उदर,उड़र
beraharamee,बेरहरमी,बेरहरममी
tanla,टेनला,टनला
uthni,उठनी,उठनी
vivekaadheen,विवेकाधीन,विवेकाधीन
charon,चारों,चरों
ui,उसी,यूएसआई
kar,कर,कर
andhol,संधोल,साधोल
chhaapemaar,छापेमार,छापेमार
vihwakarma,वि्वकर्मा,वि्वकर्मा
anathita,संस्थिता,सनस्थिता
lajjalu,लज्जालु,लज्जलु
pythagora,पाइथागोरस,पायथागोरास
bangbandhu,बंगबंधु,बांगबंधू
ajajja,साजसज्जा,सज्जज्ज
karghe,करघे,कारघे
macon,मैकॉन,मैकन
bhagedh,भगेड़,भागेध
iwan,सिवान,सिवान
anadhikaarik,अनाधिकारिक,अनधिकारिक
kaabilegour,काबिलेगौर,काबिलेगोर
pran,प्राण,प्रन
tereeh,तेरीः,तेरीह
antadiyan,अंतडियां,अं्तिदयां
module,मॉड्यूल्स,मोडुल्स
idea,आईडिया,आईडीआईए
bhavabhivyaktiyon,भावाभिव्यक्तियों,भवाभिव्यक्तियों
bapaa,बापा,बपा
mazboori,मज़बूरी,मजबूरी
inghde,सिंघाड़े,सिंघदे
chounkate,चौंकाते,चौंकते
urvarta,उर्वरता,उरवर्ता
deewani,दिवानी,दीवनी
utaahawarddhan,उत्साहवर्द्धन,उत्साहवरद्धन
centreeng,सैंट्रींग,सेंट्रिंग
tugalaki,तुगलकी,तुगलकी
baghbaan,बाघबान,बगबां
kutta,कुत्ता,कुत्ता
putle,पुतले,प्यूटल
hrankhalaaon,्रंखलाओं,्रंखलाओं
mainan,मैनन,मैनान
afreen,आफरीन,अफरीन
ghot,घोस्ट,घोस्ट
hwing,्विंग,्विंग
nielen,नील्सन,निएल्सन
peeechdablyooeee,पीएचडब्ल्यूसीएस,पीचड्लेबोसिसी
umanath,उमानाथ,उमनाथ
apex,एपेक्स,एपेक्स
nakam,नाकाम,नकम
khanikarmi,खनिकर्म,खनीकर्मी
haakir,ाकिर,ाकिर
cipla,सिप्ला,सीआईपीएलए
und,सूंड़,सुन्द
haathe,हाथे,हाथे
vlad,व्लाद,वीलैड
kamottejna,कामोत्तेजना,कमोटतेजना
ropi,रोपी,रोपी
dharmaraajne,धर्मराजने,धर्मराजने
bhijvaai,भिजवाई,भीजवाई
prabhaanmantree,प्रभानमंत्री,प्रभानमंत्री
ubmiion,सबमिन,सबमिसन
mool,मूल,मूल
vineet,विनीत,विनित
ubha,सुब्हा,सुभा
amprati,संप्रति,संपप्रती
dhatta,धत्ता,ढट्टा
wokha,वोखा,वोखा
hairam,हैरम,हैराम
dhunai,धुनाई,धुनाई
murgipaalan,मुर्गीपालन,मुर्गीपालन
doobat,डूबत,दूबत
kav,काव,कव
udhaaradaataaon,उधारदाताओं,उधारादाताओं
neg,नेग,नेग
radico,रेडिको,रेडिको
bagad,बगड़,बगड़
lowell,लॉवेल,लोवेल
cdcl,सीडीसीएल,सीडीसीएल
workcharge,वर्कचार्ज,वर्कचार्गे
dubana,डुबाना,दुबाना
tadanrutee,तदंरुस्ती,तदनर््सी
guduri,गुदुरी,गुडुरी
machaye,मचाए,मचाये
vichaarakon,विचारकों,विचारकों
ahkalakar,सहकलाकार,सहकललकर
utara,उस्तरा,उस्तरा
taaza,ताजा,ताज़ा
gujaarane,गुजारने,गुजारने
jyaadaa,ज़यादा,ज्यादा
toogaa,टूगा,तूआगा
kahlaya,कहलाया,कहलाया
madion,मेडिसन,मादिसन
arebajar,सरेबाजार,सरेेबजर
uhruhaa,सु्रुषा,सु्रुषा
puhpa,पुष्पा,पुष्प
uthanevale,उठनेवाले,उठनेवाले
ear,इअर,ईएर
mitra,मित्रा,मित्र
picking,पीकिंग,पिकिंग
gehlot,गहलोत,गेलहोट
tahkhaana,तहखाना,तखखाना
daphan,द़फन,दफ़ान
gentry,जेन्ट्री,जेंट्री
rahegi,रहेगी,रहेगी
wipannta,विपन्नता,विपंनता
daila,डसीला,दासिला
thouand,थाऊजेंड,थाउसंद
ria,रिया,रीआईए
chhetri,छेत्री,छेतरी
raichur,रायचूर,रायचर
banthia,बांठिया,बंंथिया
potter,पॉटर,पॉटर
ambaani,अंबानी,अंबानी
apatey,सपाटे,सपेटे
pereddy,पेरेड्डी,पेरेड्डी
gujar,गुजार,गुजर
extactor,एक्सटेक्टर,एक्सटैैक्टर
bahav,बहाव,बहव
riram,्रीराम,्रीराम
kaathiyavadee,काठियावड़ी,काठियावड़
raahtraa,राष्ट्रा,राष्ट्रा
paradheen,पराधीन,पराधीन
mega,मेगा,मेगा
robin,रॉबिंस,रॉबिन्स
olraunder,ऑलराउंडर,ओलरांंडर
delhi,दिल्ली,डेल्ही
waco,वाको,वाको
jyothy,ज्योथी,ज्योथि
tate,स्टेट,स्टेट
mandalaayukto,मण्डलायुक्तो,मंडलालुक्तो
bazaru,बाजारू,बाज़ारू
barpaya,बरपाया,बरपााा
interactuality,इंटरटेक्चुअलिटी,इंटररैक्यूलिटी
anka,अंक,अंका
urat,सूरत,सुरत
jiyo,जीयो,जियो
robin,राबिन,रोबिन
arya,आर्य,आर्य
emrald,एमरल्ड,एमराल्ड
haili,ैली,ैली
jadd,जड़,जड़द
tariko,तरीको,तारिको
tanih,टैनिस,तनी
dabhoi,डभोई,दभोईई
yoder,योडेर,योडर
electromagic,इलेक्ट्रोमैजिक,इलेक्ट्रोमिक
jheelon,झीलों,झीलों
aajmaanaa,आजमाना,आजमाना
daraatee,डराती,दराती
ubhaara,उभारा,उभारा
karavaayegee,करवायेगी,करवाएगी
gudepu,गुडेपु,गुडेपु
pipra,पिपरा,पिपरा
wlaad,व्लाद,व्लाड़
itaram,सीताराम,सीताराम
baawaraa,बावरा,बावरा
langdon,लैंगडन,लैंगडन
niu,एनएसआईयू,एनएसआईयू
badamaahon,बदमााें,बदमाों
nahargadh,नाहरगढ,नारगढ़
natijeh,नतीजेः,नतिजेह
pranon,प्राणों,प्रानों
atluj,सतलुज,सतलुज
prince,प्रिंस,प्रिंसस
hueb,ुऐब,ुएब
peeran,पीरान,पीरन
dhaah,ढाह,ढाह
kerala,केरला,केराला
altamonte,एल्टामोंटे,अल्टामोंटे
jivanhaili,जीवनैली,जिवनैली
worth,वर्थ,वोर्थ
rojlin,रोजलिन,रोजलिन
generic,जेनरिक,जेनरिक
amoa,सामोआ,समोआ
baka,बक्सा,बक्सा
arthawyavathataaon,अर्थव्यवस्थताओं,अर्थववव्््थाताओं
offhor,ऑफोर,ओफ़ॉ
doongarpur,डूंगरपुर,डूंगरपुर
baavadee,बावडी,बावड़ी
nahik,नािक,निक
nitiyon,नितियों,नितियों
kurvi,कर्वी,कुर्वी
ijajat,इजाजत,इजाजत
raagon,रागों,रागों
chidhate,चिढ़ते,चिढ़ते
lidaron,लीडरों,लिदरों
dharmaviheenataa,धर्मविहीनता,धर्मविहहीनता
vaan,वाण,वान
dataanaa,दस्ताना,दस्ताना
nakalwad,नक्सलवाद,नकस्लावद
mtake,एमटेक,मटके
tair,तासीर,तससिर
phaaeebret,फ़ाईब्रेट्स,फाईब््रेट
aaraam,आराम,आराम
upakaaryaalayon,उपकार्यालयों,उपकार्यालयों
jeenon,जीनों,जीनों
thane,थाणे,थाने
darmait,डारमैट,दर्मैत
tekchandani,टेकचंदानी,टेकचंदानी
karaboriyon,काराबोरियों,कराबोरियों
maidi,मैडी,मादी
fontana,फोंटाना,फोंटाना
baalti,बाल्टी,बालती
liwaal,लिवाल,लिवाल
dungarpur,डूंगरपुर,दुंगरपुर
peachtree,पीचट्री,पीचर्टी
tanadhari,स्तनधारी,स्तनाधरी
bandhuon,बंधुओं,बंधुओं
media,मीडिया,मीडिया
thirake,थिरके,थिराके
dilaaega,दिलाएगा,दिलागे
wabhawatah,स्वभावतः,स्वभावताह
pecial,स्पेल,स्पेियल
le,ले,ले
nivedanah,निवेदनः,निवेदना
job,जॉब्स,जॉब्स
gail,गेल,जीईआईएल
aitraz,ऐतराज़,एतरराज
nabz,नब्ज़,नब्ज
noon,नून,नूँ
davenport,डेवनपोर्ट,डेवेनपोर्ट
dukhiyon,दुखियों,दुखियों
urff,उर्फ,यूआरएफफफ
ajja,सज्जा,सज्जा
raahtra,राष्ट्रा,राष्ट्र
vitthal,विट्ठल,विठ्ठल
ghataaegee,घटाएगी,घटाएगी
world,वर्ल्ड,वर्ल्ड
lega,लेगा,लेगा
mangalinh,मंगलसिंह,मंगलसिंह
inghaadey,सिंघाड़े,सिंघाड़े
ponding,पोंडिंग,पोंडिंग
gin,जिन,जीआईएन
jivaniyaan,जीवनियां,जीवणियां
patotav,पाटोत्सव,पटोत्सव
khullamkhulla,खुल्लमखुल्ला,खुलांमुखल्ला
catlin,कैटलिन,कैटलिन
mahin,महीन,माहिन
teap,टिप,टीप
dhindhwal,ढिंडवाल,ढींधवाल
dubaana,डुबाना,दुबाना
vidhaaein,विद्याएं,विधाएँ
amy,एमी,एएम
titagarh,टीटागढ़,तितगढ़
ening,सेंसिंग,सेनसिंग
poonjitantra,पूंजीतंत्र,पूंजीतंत्र
chandrapur,चंद्रपुर,चंददरपुर
furti,फूर्ति,फुरती
haute,हाउते,हौटे
dukaanon,दुकानों,दुकानों
prakandh,प्रकाण्ड़,प्रकंध
nilaabh,नीलाभ,नीलाभ
aadan,आदान,आद़न
pratihthi,प्रतिष्ठी,प्रतिष्ठी
gatihilata,गतिीलता,गतििलता
adchane,अड़चने,अड़चेन
angadh,अनगढ़,अंगढ़
barrackpore,बैरकपुर,बैर्कारोप
laamiyan,लामियां,लामियाँ
prathmikta,प्राथमिकता,प्राम्िकता
uppidan,उप्पीड़न,उप्पीदन
achhi,अच्छी,अची
udip,सुदीप,सुदीप
nerolac,नेरोलेक,नेरोलाक
vadpremiyon,स्वादप्रेमियों,स्वादप्रेमियों
agniyaan,अग्नियां,अग्नियाँ
makhdumpur,मखदुमपुर,मखदूमपुर
kaegaa,कसेगा,कसेगा
landara,लंगड़ा,लांडारा
jaee,जस्सी,जससी
antrmukh,अंतर्मुख,अंत्रमुख
dhuriyaa,धुरिया,धुरिया
felix,फेलिक्स,फेलिक्स
peepaadh,पीपाड़,पीपाध
wankhetra,वनक्षेत्र,वांक्षेत्र
nbcc,एनबीसीसी,एनबीएससी
giridih,गिरिडीह,गिरीडीह
eliminator,एलिमिनेटर,एलिमिनेटर
wiftlet,स्विफ्टलेट,स्विफ्टलेट
holiday,होलिडेस,होलिडेस
kumavat,कुमावत,कुमावत
catalloy,केस्टालॉय,कैस्टललय
laengee,लाएंगी,लैंगी
haahie,हािए,हाी
gurupado,गुरुपदो,गुरुपड़ो
roopi,रूपी,रूपी
chhinke,छींके,छिंके
jarda,जर्दा,जर्दा
badbolepan,बड़बोलेपन,बडबोलोपन
allcargo,ऑलकार्गो,एल्सार्गो
chapel,चैपल,चैपेल
rattebaajee,रट्टेबाजी,रत्तेबाजी
halebid,हैलबिड,हालेबिद
ruhitaa,ऋषिता,रुिता
anihtata,अनिष्टता,अनिष्टता
raykar,राइकर,राकर
paancholaa,पांचोलास,पाँचलोसा
ingam,सिंगम,सिंगम
photofrem,फोटोफ्रेम,फोटोफ्रेम
lamba,लाम्बा,लाम्बा
canterbari,कैंटरबरी,कैंटरबेरी
itrailiyon,इस्त्राइलियों,इस्ट्रेलियों
marlborough,मालबर,मार्लबोरो
maanavtarhit,मानवटरहित,मानवतरिहत
ahariri,अरीरी,अरीरी
unionwaadi,यूनियनवादी,उनियनवाडडी
jayalalitaa,जयललिता,जयललतता
dilaega,दिलाएगा,दिलागा
aprihary,अपरिहार्य,अप्रिहारी
khaatedaar,खातेदार,खातेदार
wonder,वंडर,वंडर
abbott,एबोट,अबॉबॉट
luna,लूना,लुना
apardarhi,अपारदर्ी,अपरदर्ी
pakadkar,पकडकर,पकड़कर
theater,थियेटर्स,थिएटर्स
chaplui,चापलूसी,चपपलूसी
unteck,सनटेक,संटक
darhnaarthee,दर्नार्थी,दर्नार्ीी
amarpal,अमरपाल,अमरपाल
fund,फंड,फन्ड
emile,एमिल,एमिले
garibon,ग़रीबों,गारिबों
gudna,गुदना,गुडना
naringhgarh,नरसिंहगढ़,नरसिंगढ़
tanta,तांता,तंता
farukhnagar,फर्रूखनगर,फरुखखनगर
qraar,क़रार,क्रार
klozup,क्लोज़अप,क्लोज़प
hrinkhalaon,्रंखलाओं,्रृंखलाओं
electrotex,इलेक्ट्रोटेक्स,इलेक्ट्रोटेक्स
vijayapuram,विजयापुरम,विजयपुरम
manovaigyaaniyon,मनोवैज्ञानियों,मनोवैज्ञानियों
banjajaam,ब्ंजजसम,बंजाजाम
putla,पुतला,पुतला
eddi,एड्डी,एडी
brigadier,ब्रिगेडियर,ब्रागिडियर
im,सिम,एसएमआई
doorgadh,दूर्गध,दूरगढ़
haqeeqat,हकीकत,हैक़ेकट
inaano,इंसानो,इनसानो
nikaalni,निकालनी,निकालनी
bronch,ब्रॉन्च,ब्रोंच
dabochne,दबोचने,डाबोचने
vidagdhaa,विदग्धा,विद्गधा
khandelwal,खंडेलवाल,खंडेलवाल
ogataavetalaind,ऑगस्टावेस्टलैंड,ओगस्तावेलतीवंद
portillo,पोर्टिलो,पोर्टिलो
liidaron,लीडरों,लिइदरों
ailaaneepan,सैलानीपन,सैलानीपन
kabaddi,कबड्डी,कबड्दी
fatima,फातिमा,फतिमा
takheer,तसखीर,तसखीर
verification,वैरीफ़िकेन,वेरिफिकेन
bagali,बागली,बगली
roeville,रोज़विल,रोसेविले
praanangalee,प्राणसंगली,प्रांसंगली
ghumaaee,घुमाई,घुमाई
mahainh,महासिंह,महासिंह
megapixel,मेगापिक्सल,मेगापिक्सल
mate,मेट,मते
hrikhand,्रीखंड,्रीखंड
mominatolaa,मोमिनटोला,मोमिनेटाला
maangi,मांगी,माँगी
jagruti,जागृति,जागरुटी
awahit,अविष्ट,आवािस्त
gadhoonga,गाड़ूँगा,गढ़ूँगा
pyade,प्यादे,प्यादे
gyonth,ग्योंठ,ज्योन्थ
kaaragujaariyaan,कारगुजारियां,कारागुजारियाँ
baxter,बैक्सटर,बैक्सटर
majeco,मेजेस्को,मेजेस्को
fatahi,फटही,फतही
balaatkaariyon,बलात्कारियों,बलातकाारियों
brahraachaarinee,ब्रह्राचारिणी,ब्रह्राचरिणी
kaaryayojna,कार्ययोजना,कार्ययोोना
jeevraaj,जीवराज,जीवराज
jodhika,जोधिका,जोधिका
thouand,थाउजेंड,थाउसंद
agvaai,अगवाई,अगवाई
cricketing,क्रिकेटिंग,क्रिकेटिंग
woonocket,वुनसोकेट,वून्सकट
renewable,रिन्यूएबल्स,रेनेवेबल
maadhikhedhaa,माड़ीखेड़ा,माधिखेधा
prarup,प्रारूप,प्ररूप
hamtal,मलात,मताल
khyber,ख़ैबर,खाबर
kipper,स्किपर,स्किपर
pityooniya,पिट्यूनिया,पिट्णियाया
dhakelte,धकेलते,धकेलते
laphj,लफ्ज,लाफज
araha,सराहा,सराह
mridubhaahee,मृदुभाषी,मृदुभाषी
ilectrotec,इलेक्ट्रोटेक्स,इलेक्ट्रोक्ट
jivan,जीवन,जिवन
neeoo,नीऊ,नीयू
win,डब्ल्यूआईएन,वीनईन
prapti,प्राप्ती,प्राप्टी
attahaa,अट्टहास,अत्तहस
fatener,फास्नर्स,फास्टेनर्स
ujback,उज़्बेक,उजबैक
pakaude,पकौड़े,पकौडे
navate,नवाते,नवते
loowe,लूवे,लूवे
coldvel,काल्डवेल,कोल्डवेल
boodam,बूदम,बूदम
chauraiya,चौरसिया,चौरसिया
daftarvaale,दफ्तरवाले,दफ्तरवाले
aamariyapadha,आमरियापाड़ा,आमरियापाड
ardhavihva,अर्धवि्वास,अर्ध्वविास
afalt,एस्फाल्ट,असफल्ट
pravritriyon,प्रवृत्रियों,प्रवृत्रियों
pinj,स्पिन्ज,सपिंज
bamlehwaree,बम्ले्वरी,बमले्वरी
kyuaik,क्यूसैक्स,क्यूसैक्स
atmev,सत्मेव,सतमेव
nation,नेंस,नेंस
janhani,जनहानि,जनहानी
parween,परवीन,परवीं
dharak,धारक,धारक
colan,कोलन,कोलन
bitagond,बिस्तागोंड,बिस्तागोंड
pehni,पहनी,पेहनी
purvaabhaa,पूर्वाभास,पूर्वाभास
nextgen,नेक्स्टजेन,नेक्स्टेन
jalbhrav,जलभराव,जलभररव
hivatava,िवास्तव,िवस्तावा
unan,सूनसान,सुनसन
parikalpit,परिकल्पित,परिकल्पित
tapia,तापीया,तापिया
then,थेन,थेन
kaaryaawadhi,कार्यावधि,कार्यावधि
boier,बोसीयर,बोसियर
brigton,ब्रिगटन,ब्रिग्न
kain,कईं,कैन
chhudwaya,छुड़वाया,छुड़वाया
bowie,बोवी,बोवी
jataati,जताती,जताती
mahoney,महोनी,महोने
pharm,फाॅर्म,फर्म
client,क्लांइट,स्लाइंट
phatne,फटने,फेटने
udkhoron,सूदखोरों,सुड़ोरों
fatehgadh,फतेहगढ़,फतेहगढ़
gayen,गाएं,गायें
mainval,मैनवल,मैनवाल
darhana,दर्ाना,दर्ना
farmer,फार्मर,फर्मर
jaanaakaree,जानाकरी,जानाकरी
warner,वार्नर,वार्नर
bond,बॉंन्ड्स,बीएनडडएस
dwn,डीडब्ल्यूएन,डीएवएन
aateen,आस्तीन,आस्तीं
indriyonke,इन्द्रियोंके,इनद्रियोंके
b,बीएसएसएस,बीएसएस
chaeffler,स्कैफ़लर,ेफलर
dlw,डीएलडब्ल्यू,डीएलवी
iducing,सिडयूसिंग,सिडुसिंग
immaturity,इम्मैच्योरिटी,इम्मेच्यूरिटी
diyotiddh,दियोटसिद्ध,दियोत्सिद्ध
welder,वेल्डर,वेल्डर
kuriyo,कुर्सियॉ,कुर्सियो
vadak,वादक,वड़क
lohaati,लोहाती,लोहाती
oxy,ऑक्सीज,ओक्सीस
entreek,एंट्रीक्स,एन्ट्रिक
panama,पनामा,पनामा
ubbanee,सुब्बनी,सबबबनी
cochin,कोचीन,सोचिन
radar,रदर,रादर
pratihthanon,प्रतिष्ठानोंं,प्रतिष्ठानों
twin,ट्विन,ट्विन
microfiber,माइक्रोफाइबर,माइक्रोफाइबर
badalavaakar,बदलवाकर,बदलावकर
multiplexon,मल्टिप्लेक्सों,मल्टीप्लेक्सन
kaabiletaarif,काबिलेतारीफ,काबिलेतराफ़
amarillo,अमारिलो,अमरिल्लो
narm,नरम,नर्म
chinmani,चिनमणि,चिनमनी
bulletin,बुलेटिन,बुलेटिन
aaufiaree,ऑफिसरी,आूफिसरी
jodo,जोड़ो,जोडो
paryaptta,पर्याप्तता,पर्यपप्ता
jilawaaiyon,जिलावासियों,जिलावासियों
dhandhekhori,धंधेखोरी,धनधेखोरी
mnaey,मनाए,म्एनीई
antarmukh,अंतर्मुख,अंतरमुख
neet,नीट,नीत
jiwan,जीवन,जिवान
najarandaaz,नजरंदाज,नजरनदाज़
rangkata,रंजकता,रंगकता
aatera,सातसेरा,सात्सेरा
karkhele,करखेले,करखेले
meza,मेज़ा,मेज़ा
arya,आर्यों,आर्या
bramhaand,ब्रह्माण्ड़,ब्रमहहंद
accelya,एक्सेल्या,एक्सेलाय
pittman,पिटमैन,पिटमैन
blackburn,ब्लैकबर्न,ब्लैकबर्न
pariamvad,परिसंवाद,परिसमवाद
aalochak,आलोचक,आलोचक
ratlam,रतलाम,राटलम
dabur,डाबर,दाबुर
bhavanaon,भावनाओं,भवनाओं
haantiyon,ांतियों,ांतियों
dalton,डाल्टन,डल्टन
halmatpuraa,हलमतपुरा,हलमतपुरा
muthoot,मुथूट,मुथुत
lurhakate,लुढ़कते,लुरहकते
independence,इंडिपेंडेंस,इंडिपेडेंंं
fefada,फेफड़ा,फेफाड़ा
harijan,हरिजन,हरिजन
watantraingh,स्वतंत्रसिंह,स्वतंत्रसिंह
toncil,टोंसिल,टॉनसिल
haanfte,हांफते,हाँफते
dhyeywadi,ध्येयवादी,ध्येयावी
maaoont,माऊंट,माऊंत
amitao,अमिताव,अमिताओ
fyuji,फ्यूजी,फ्यूजी
kalaaanaa,कलसाना,कलसना
pakanevala,पकानेवाला,पकनेेाला
tirunelveli,तिरुनेलवेली,तिरुनेलवेली
pythogara,पाइथागोरस,पायथोगारस
tadeek,तसदीक,तसदीक
jainon,जैनों,जैनों
redding,रेडिंग,रेडिंग
doda,डोडा,दोड़ा
verion,वर्न,वर्सियन
chandrabali,चंद्रबली,चनद्रबली
ubhregaa,उभरेगा,उभरेगा
vanhvad,वंवाद,वंववद
dam,डम,डेएम
prawrittiyon,प्रवृत्तीयों,प्रवृत्तियों
flin,फ्लिन,फ्लिन
patachep,पटाक्षेप,पटचेप
dillon,डिल्लों,दिल्लों
tippanikar,टिप्पणीकार,टिप्पणीकर
omi,सोमी,सोमी
giriwaiyon,गिरिवासियों,गिरीवासियों
nag,नग,नाग
outh,साउथ,साउथ
jedateeiaft,जेडटीईसाफ्ट,जेडेटेिफस्ट
chhawindra,छविंद्र,छविंद्र
mariyo,मारियो,मरियो
fineotex,फिनोटेक्स,फाइनोटेक्स
alaymani,अलयमनी,अलममयन
achnera,अछनेरा,अचनेरा
chhalla,छल्ला,छल्ला
andaman,अंडमान,अंदमन
akola,अकोला,अकोला
convocation,कन्वोकेन,कनववकेन
anchalanon,संचालनों,संचालों
pailoton,पायलटों,पैलोटों
bahumaan,बहुमान,बहुमान
phalibhoot,फलीभूत,फललीभूत
generat,जेनरेट,जेनरत
bakhhate,बख्ते,बख़ते
gandha,गंध,गंधा
vidhamaan,विधमान,विधमान
pratibaddhtaaen,प्रतिबद्धताएं,प्रतिबद्धताएं
chacchaa,चच्चा,चच्छा
uchikitaa,सुचिकित्सा,सुचिकित्सस
bean,बीन,बेन
badhna,बढना,बढ़ना
adain,एडेन,अडेन
hreekruhnan,्रीकृष्णन,्रीकृष्णन
burhanpur,बुरहानपुर,बुरहांपुर
learn,लर्न,लीर्न
uankrit,सुसंस्कृत,सुसंस्कृत
gatrology,गैस्ट्रोलॉजी,गास्ट्रोलजी
hercule,हरक्यूलिस,हर्कुलेस
akapulko,अकापुल्को,अकापुलको
avarodhak,अवरोधक,अवरोधक
jetha,जेठा,जेठा
jhulae,झुलए,झूले
kaundal,कौण्डल,कौंडल
angelo,एंजेलो,एंजेलो
evai,सेंवई,सेवै
kiaani,किसानी,किसानी
el,ऐल,ईएलएल
mandya,मांड्या,मंद्या
management,मैनेजमेंट,मैनेजमेंट
rekannecting,रिकनेक्टिंग,रेकननसिंंग
oxide,ऑक्साइड,ओक्साइड
arthhaatriyon,अर्थास्त्रीयों,अर्थास्त्रियों
mahalon,महलों,महलों
prahanik,प्रासनिक,प्रस्निक
eho,सेहो,सेहो
divyata,दिव्यता,दिव्यता
propectu,प्रोस्पैक्ट्स,प्रॉस्पक्टस
arthavyawathataaon,अर्थव्यवस्थताओं,अर्थव्वात्थाााओं
peedablyootee,पीडब्ल्यूटी,पीडब्ल्यूटी
hurooh,ुरूः,ुरूह
land,लैंड,एलएडी
chamba,चम्बा,चम्बा
punchang,पंचांग,पुंचांग
dhaatuein,धातुएं,धातुएँ
vidyaaon,विद्याओं,विद्याओं
da,दा,डेए
phare,फरसे,फरसे
mrutyuniwaarak,मृत्युनिवारक,मृत्युंवरीकर
manokaamnaaon,मनोकामनाओं,मनोकामनाओं
pehowa,पेहोवा,पेहोवा
lagaateen,लगातीं,लगततीं
jamayaa,जमाया,जमाया
imferopol,सिम्फरपोल,सिंफरोोोपल
hamlo,हमलो,हमलो
krantidhara,क्रांतिधरा,क्रांतििारा
reja,रेजा,रेजा
paithelojit,पैथेलॉजिस्ट,पैथेलॉजिस्ट
karmaacharee,कर्माचारी,कर्मचारी
cience,साइंस,साइसेंस
dharmaanand,धर्मानंद,धर्मनांद
thenga,ठेंगा,थेंगा
vareinye,वरेण्य,वरेण्ये
dhabhaahaaraa,धभाारा,धभाारा
judai,जुदाई,जुड़ाई
darati,डराती,दराती
girkar,गिरकर,गिरकर
ehgal,सहगल,सेहगल
kauplaik,काॅप्लेक्स,कौपलिक्स
uay,उसेे,उसय
lindon,लिंडन,लिंडन
dehke,देके,देके
contracting,कॉन्ट्रेक्टिंग,कॉन्ट्रैकटिंग
cutlery,कटलरी,क्यूटरी
khatedaar,खातेदार,खतेदार
hravanabelagola,्रवणाबेलागोला,्रवणबगलेलाा
piega,पिएगा,पीगा
erika,एरिका,एरिका
hrabon,राबों,्रबों
roanoke,रोनोक,रोणाको
raahtron,राष्ट्रोंं,राष्ट्रों
ropane,रोपने,रोपने
houkee,हाॅकी,हुकी
aira,सायरा,सैइरा
kundal,कुंडल,कुंडल
vaiian,वैइसन,वैसन
chenkein,छींके,चेंकें
raidical,रैडिकल,राइडिकल
vaitravati,वैत्रवती,वैत्रवती
truth,ट्रुथ,त्रुथ
rajathan,राजस्थान,राजस्थान
darhnarthee,दर्नार्थी,दर्नर्थी
nabha,नाभा,नाभा
patki,पटकी,पटकी
uchnah,सूचनाः,सूचनाह
uchhalne,उछालने,उछलने
packard,पैकर्ड,पैकर्ड
romeoville,रोमियोविल,रोमवविले
chayal,चायल,चायल
zuari,जुवारी,ज़ुरारी
pratithaan,प्रतिस्थान,प्रतिस्थान
mithaiyaan,मिठाइयाँ,मिथैयां
atyaarthprakah,सत्यार्थप्रका,सत्यात्रप्रक
khaayal,क़ायल,खायल
prathmik,प्राथमिक,प्राम्िक
kide,कीड़े,किडे
halchal,हालचाल,हल्चल
aavrittiyon,आवृत्तियों,आवृत्तियों
utali,सुतली,सुताली
baramad,बरामद,बारामद
belacha,बेलचा,बेलाचा
bairaadh,बैराढ,बैराध
daftarwale,दफ्तरवाले,दफ्तरवाले
ankariyon,संस्कारियों,संस्कारियों
teekon,टीकों,टीकों
ihunta,सिहुंता,सिहुंता
medithan,मेडिथ्सन,मेदिथसान
unaan,सूनसान,सुंसान
vaayatthaan,स्वायत्तासन,स्वायत्तसन
warnankartaaon,वर्णनकर्ताओं,वर्णाकर्ताओं
pahtuun,प्तून,पा्ुुन
mukehwari,मुके्वरी,मुके्वरी
clock,क्लाक,स्लॉक
arkaa,सरका,सरका
dukke,दुक्के,डुक्के
badyal,बडयाल,बड्याल
jaylalita,जयललिता,जयललतता
twitter,ट्विटर्स,ट्विटर्स
vigyaanon,विज्ञानों,विज्ञानों
cincinnati,सिनसिनाटी,सिनससनानटी
ankrutiyon,संस्कृतियों,संस्क्रुतियों
andhabhakto,अंधभक्तो,अनधाभक्तो
lovaa,लवासा,लोवासा
bhira,भीरा,भिरा
pik,पिक,पिक
tone,स्टोन,स्टोन
jyotihi,ज्योतिषि,ज्योतिषी
amadhiyon,समाधियों,समधियों
vayatthaan,स्वायत्तासन,स्वयंत्षससन
urprie,सरप्राइज़,सर्प्ाइज़
bhulon,भूलों,भुलों
webuniyadi,वेबुनियादी,वेबूनिदायी
parikhankartaon,परीक्षणकर्ताओं,परीक्षणकर्ताओं
feka,फेका,फेका
patravaliyan,पत्रावलियां,पत्रवालियां
kakhaang,कक्षांग,कक्षांग
arellano,अरेलानो,एरेलनाो
daanhil,दानील,दांिल
geneva,जिनीवा,जेनेवा
naino,नैनो,नैनो
ladne,लडने,लड़ने
nilkamal,नीलकमल,निलकमल
parnel,पार्नेल,परनेल
nurochemitry,न्यूरोकेमिस्ट्री,न्यूरोकममिस्ट्री
paco,पास्को,पैस्को
vigyaanvaadiyon,विज्ञानवादियों,विज्ञानवादियों
nitya,नित्या,नित्य
advaitwad,अद्वैतवाद,अड्वैतवाद
abhimat,अभिमत,अभिमत
jimme,जिम्मे,जिम्मे
atlantic,अटलांटिक,अटलांटिक
ditreebyootaree,डिस्ट्रीब्यूटरी,डिस्ट्रीबोयोतेरी
placentia,प्लेसेंटिया,प्लेसेंटिया
bhaaulaal,भाऊलाल,भाऊलाल
viabal,विसबल,विसाबल
hipping,िपिंग,िपिंग
pramukhkarmiyon,प्रमुखकर्मियों,प्रमुखकरम्यियों
chart,चार्ट,चार्ट
anthita,संस्थिता,संस्थिता
pali,पाली,पली
zamana,ज़माना,ज़माना
avahit,अविष्ट,अविष्ट
jiwanparyant,जीवनपर्यंत,जीवानपर्यंत
cataneda,कास्टानेडा,कास्टेनाडा
nrutyon,नृत्यों,न्रुत्यों
tughlaq,तुगलक,तुलघक
enka,एनका,एंका
jabalpur,जबलपुर,जबलपुर
mhathir,महाथिर,महाथिर
beetaane,बीताने,बीताने
wiheh,विे,विेष
mira,मि्रा,मिसरा
megapixal,मेगापिक्सल,मेगापिक्सल
gujara,गुजारा,गुजरा
bhihm,भीष्म,भीम
pratikaaraa,प्रतिकारा,प्रतिकारा
purwafalguni,पूर्वाफाल्गुनी,पूर्वफलगुनी
lakme,लक्मे,लकमे
merraige,मैरेज,मेरेेे
naraeepura,नरसीपुरा,नरसीपुरा
radiumdharmee,रेडियमधर्मी,रदीउमध्रमी
nintie,नाइनटीज,निन्ीीज
engine,इंजन्स,एंजीनेस
fadfadaaen,फड़फड़ाएं,फड़फ़़ाएँ
pearon,पियरसन,पीरसन
gray,ग्रे,ग्रेय
uthaapatak,उठापटक,उठापतक
radiopremi,रेडियोप्रेमी,रेडियोप्रेमी
affle,एफल,एफलल
ojha,ओझा,ओझे
ghot,घोट,घोट
kmere,कमेरे,केमरे
kianon,किसानों,किसानों
hantiniketan,ांतिनिकेतन,ांतिनिकेतन
padanee,पड़नी,पदनी
rane,राणे,रने
engelin,एंजेलिन,एंजेलिन
awathi,अवस्थी,अवास्थी
bindal,बिन्दल,बिंदल
amara,अमारा,अमारा
ligar,लिगर,लीगर
gaangnam,गांगनाम,गागननाम
anton,एंटोन,एंटोन
bhen,भें,भें
cranton,स्क्रेनटन,स्क्रैनटन
lairi,लैरी,लैरी
alap,ऐल्प्स,अलाप्स
raajon,राजों,राजों
teleebag,तेलीबाग,तेलीबाग
uthnee,उठनी,उठनी
urinama,सूरीनाम,सुरीनामा
deepn,दीपन,दिपन
properphaebuk,प्रॉपरफेसबुक,प्रोपरफेेबसक
fallujaa,फ़ल्लूजा,फल्लुजा
prayoghaatra,प्रयोगास्त्र,प्रयोगास्त्र
bolateen,बोलतीं,बोलतीं
aryama,अर्यमा,आर्यमा
bhaapa,भासपा,भससापा
malekar,मालेकर,मलेकर
ubaal,उबाल,उबाल
alive,अलाइव,अलीवे
franciko,फ्रांसिस्को,फ्रैंसिक्को
mukehwaree,मुके्वरी,मुके्वरी
maulviyon,मौलवियों,मौल्वियों
pahunchanee,पहुंचनी,पहुंचनी
bhraantiyon,भ्रांतियों,भ्रांतियों
joe,जोस,जोसे
poorvapekhaon,पूर्वापेक्षाओं,पूर्वपेक्षाओं
bataao,बताअाे,बताओ
nokari,नोकरी,नोकरी
vihwaniiya,वि्वसनीय,वि्वसनीीय
cheekhna,चीखना,चीखना
tomar,तोमर,टोमार
ragon,रागों,राोों
kanghe,कंघे,कांघे
infibeam,इन्फिबीम,इनफीबेम
javate,जावते,जवते
dev,देव,डेव
jyada,ज़यादा,ज्यादा
pratigyapoorn,प्रतिज्ञापूर्ण,प्रतिज्ञापूर्ण
lauti,लउटिस,लायटिस
brahmlin,ब्रह्मलीन,ब्रह्मलिन
maruti,मारुति,मारुती
tadad,तदाद,ताड़
kamarhati,कमारहाटी,कमरहती
lubhaavna,लुभावना,लुभावना
rijanvigyanee,सृजनविज्ञानी,्रीजनिव्ज्ञीनी
urakhaah,सुरक्षाः,सुरक्षाह
oditar,ऑडिटर,ओडिटर
dhuan,धुआं,धुआन
firmian,फर्मिऑन,फर्मियाई
convention,कन्वेंन,कनवेंन
attha,अट्टहास,अट्ठास
thief,थीफ,थिफ़
koraput,कोरापुट,कोरापुट
ahooliyata,सहूलियत,सहूलियता
alayan,अलायंस,अलानंस
deheva,देसेवा,देसेवा
mejbani,मेजबानी,मेजबानी
propellent,प्रोपेलेंट,प्रोपलेंट
likhehain,लिखेहैं,लिखेहैं
golamuree,गोलमुरी,गोलामुरी
nahargarh,नाहरगढ,नाहरगढ़
yudhrat,युद्धरत,युध्रत
lidon,स्लाइडों,स्लिडोन
peediyon,पीड़ियों,पीडियों
arkaren,सरकारें,सरकारें
gm,जीएसएम,जीएसएम
barman,बर्मन,बरमान
teting,टेस्टिंग,टेस्टिंग
vavidyaalaya,वविद्यालय,वविद्यालय
varted,वर्स्टेड,वार्स्टेड
rockford,रॉकफोर्ड,रॉकफोर्ड
pathyakramon,पाठ्यक्रमों,पाठ्यक्रमों
gulhan,गुलन,गुलान
machilipatnam,मछलीपट्टनम,मछिलीपतनम
ilayachi,इलाइची,इलायाची
dwf,डीडब्ल्यूएफ,डीवीएफ़
jutati,जुटाती,जुटती
yuugi,युसूगी,युसुगी
prakaahit,प्रकाषित,प्रकाषित
chutile,चुटीले,चुटीले
mahankmadaan,महंकमदान,महाकमाडान
chhanyaa,छांयसा,छन्यासा
mckenzie,मैकेंज़ी,मैकेन्ज़ी
badhotri,बढ़ोतरी,बढोतरी
tankaar,टंकार,टंकार
krutya,कृत्या,क्रुत्या
jivaniya,जीवनियां,जिवनिया
kohadhikaari,कोषाधिकारी,कोाधिकारी
khatri,खत्री,खतरी
aphaaron,अफसराें,अफसारों
kpada,कपड़ा,केपड़ा
falne,फलने,फलने
renuka,रेनुका,रेणुका
avhiht,अविष्ट,अविष्ट
bhatkaanaa,भटकाना,भटकाना
vanapatiyaan,वनस्पतियाँ,वनस्पतियाँ
dual,ड्युअल,ड्यूल
vivaranahbhaarateey,विवरणःभारतीय,विवरणःभारतीय
dablyooeeef,डब्ल्यूईएफ,डब्ल्यूूी
malmaa,मलमास,मल्मास
abhaar,साभार,सभार
badabadee,बडबडी,बड़बदी
tyrolution,स्टायरोल्यून,स्टाररलुन
juhantan,जुान्तान,जुनतत
ladeen,लड़ीं,लादीन
ahakalaakar,सहकलाकार,सहकलाकर
rikannekting,रिकनेक्टिंग,रिकननिंग्ग
cambridge,कैंब्रिज,कैम्ब्रिज
badalwa,बदलवा,बड़लवा
plokee,प्लोस्की,प्लॉसकी
niketan,निकेतन,निकेतन
vayamwikrat,स्वयंस्वीकृत,स्वयंस्विकतत
nodaraanee,नोडरानी,नोदररनी
livaal,लिवाल,लिवाल
muth,मूठ,मुथ
ghuna,घूंसा,घुंसा
ratnabhoohan,रत्नाभूषण,रत्नभूषण
plan,प्लेन,प्लैन
kalmein,कलमें,कलमें
hamla,हमला,हमला
bataur,बताैर,बतौर
nacl,एनएसीएल,एनईसीएल
haq,क़,क
nubiya,नूबिया,नुबिया
aflataa,सफ़लता,सफलताा
ghatabadh,घटबढ़,घटाबाद
hugli,हुगली,हुगली
barheey,बर्षीय,बर्ीय
pe,पेस,पीईएस
omaxe,ओमैक्स,ओमैक्स
aamdi,आमदी,आमदी
vrihchikahaptah,वृ्चिकःसप्ताह,वृष्चिका्साथ
gujarana,गुजारना,गुजरणा
navjaagaran,नवजागरण,नवजागरण
paul,पॉल,पौल
callahan,कालाहान,कैलाहन
chrome,क्रोम,क्रोम
reading,रीडिंग,रीडिंग
dukanon,दुकानों,दुकानों
galaxion,गैलेक्सियों,गैलेक्सन
karyabhar,कार्यभार,कार्यभर
pudukkottai,पुदुकोट्टई,पुदुक्तोकताई
raghupati,रघुपति,रघुपती
fadfadaen,फड़फड़ाएं,फड़फड़ां
mad,मैड,मद
wanvibhag,वनविभाग,वावविभाग
eattle,सीऐटल,सीटले
peterburg,पीटर्सबर्ग,पेटरबसर्ग
jangadnaa,जनगणना,जंगडना
jehe,जेहे,जेहे
yooniyanwaadi,यूनियनवादी,यूनियाववाडी
gulaabaag,गुलाबाग,गुलाबाग़
daka,डाका,डका
dow,डीओडब्ल्यू,डॉओ
dabangon,दबंगों,दबंगों
naeedilli,नईदिल्ली,नीदिल्ली
camtudio,कैमस्टूडियो,कैम्स्यूडियो
hringaar,ृंगार,्रृंगार
propex,प्रॉस्पेक्स,प्रॉस्पेक्स
rujanvigyaani,सृजनविज्ञानी,स्रुजनविज्ञानी
pratirodhaatmak,प्रतिरोधात्मक,प्रतिरोधधातक
pray,स्प्रे,स्प्रेय
kontrekting,कॉन्ट्रेक्टिंग,कॉन्ट्रेक्टिंग
ahu,साहू,साहु
canton,कैंटन,कैंटन
maria,मारिया,मारिया
que,कुएस,क्वेज
bhalu,भाालू,भलू
clariant,क्लैरिएंट,क्रैििन्ट
kaaloniwaaiyon,कालोनीवासियों,कालोनिवादिसियो
mehman,मेहमान,मेहमान
vaabataa,वाबस्ता,वाबस्ता
kualalampoor,कुआलालंपूर,कुलालबमपुर
warihthon,वरिष्ठों,वारषष्टों
chauinga,चौसिंगा,चौसिंगा
francica,फ्रांसिस्का,फ़रांससिकाा
kauhalta,कौलता,कौलता
ladadd,लदड,लाडाद
hipra,िप्रा,िप्रा
warnikaa,स्वर्णिका,स्वर्णिका
jatakon,जातकों,जतकों
lab,लैब्स,एलबएसएस
wilkinon,विल्किंसन,विलकिंसन
fond,फोंड,फोन्ड
elfie,सेल्फी,सेल्फ़ी
anghathanamantriyon,संगठनमंत्रियों,संघठनमंत्रियों
lynchburg,लिंचबर्ग,लिंचबर्ग
grahankaal,ग्रहणकाल,ग्राहकाल
upathiyon,उपस्थियों,उपस्थियों
trehan,स्ट्रेन,स्त्रेन
khammam,खम्मम,खम्मा
dehra,देहरा,देहरा
liberation,लिबरेन,लिबरेन
raktadataon,रक्तदाताओं,रक्तदाताओं
falluja,फ़ल्लूजा,फल्लुजा
bachti,बचती,बचती
takreeban,तक़रीबन,तकरीबन
ekhar,सेखर,सेखर
maamalonmen,मामलोंमें,मामलोंमें
najraane,नजराने,नजराने
tirupati,तिरुपति,तिरुपति
uplabdhiyon,उपलब्धियों,उपलब्धियों
parchiyon,पर्चियों,परचियों
devapur,देवापुर,देवापुर
jerualem,यरूलेम,जेरुजलेम
jewaab,जेवाब,ज़ेवाब
jini,जिनी,जिनि
parihad,परिषद,परिषद
atta,आटा,अट्टा
kriptocurrencyon,क्रिप्टोकरेंसियों,क्रिपटोरक्रेन्नो
udhed,उधेड़,उधेद
kuhaan,कुषाण,कुान
buddhijivon,बुद्धिजीवों,बुद्धिजीवों
aie,ऐसे,एएसीई
atti,सत्ती,सत्ती
bhaada,भादस,भादास
europea,यूरोपिया,यूरोपेय
bevkufana,बेवकूफाना,बेवकूफ़ना
lux,लक्स,लूक्स
liepradhanmantri,लिएप्रधानमंत्री,लीअपदर्मंतत्री
jalagati,जलगति,जलगती
jivaniyan,जीवनियां,जिवनियां
tandhaari,स्तनधारी,स्तनधारी
mithya,मिथ्या,मिथ्या
harhit,हर्षित,हर्षित
premaatmak,प्रेमात्मक,प्रेमात्मक
formulae,फार्मूले,फ़र्मूल
upachy,सुपाच्य,सुपाची
raza,रज़ा,राजा
avrutiyon,आवृत्तियों,अवृतियों
bender,बेंडर,बेंडर
aata,आटा,आत्
kanaal,कनाल,कनाल
udant,उदंत,उद़न्त
raajneechi,राजनीचि,राजनीची
dadrewa,ददरेवा,दादरेवा
chandrehwaranagar,चंद्रे्वरनगर,चंद्रे्वरनग
heopur,्योपुर,िपूर
hamirpur,हमीरपुर,हमीरपुर
aankhen,ऑंखें,आंखें
pokar,पोकर,पोकर
gravita,ग्रविटा,ग्राविटा
padengee,पड़ेंगी,पड़ेगी
dimaak,दिमाक,दिमाक
dehewa,देसेवा,दे्सेवा
tithi,स्तिथि,स्तिथि
bagbagichon,बागबगीचों,बागबागिचों
davangere,दावणगेरे,दावंजेरे
ipah,सिपाह,सिपा
intelligence,इंटेलीजेंस,इंटेलाइंसेज
lucie,लूसी,लूसी
fixingh,फिक्सिंगः,फिकसिंह
agencyyon,ऐजेंसियों,एजेंिक्यों
furaame,फुरामे,फुरामे
janaganna,जनगणना,जनगं्ना
bilae,बिलाई,बिलाए
dynamatic,डायनामेटिक,डायनामेटिक
dreijer,ड्रेजर,ड्राइजर
beechbachaav,बीचबचाव,बीचबचाव
chhah,छह,छाह
mayur,मयूर,मयूर
arthhatriyon,अर्थास्त्रीयों,अर्थास्त्रियों
brahmleen,ब्रह्मलीन,ब्रह्मिण
tandon,टंडन,टैंडन
clair,क्लेयर,स्लेयर
doge,दोगे,डोगे
jagaragallu,जगारागल्लू,जगरगल्लू
uplakhya,उपलक्ष्य,उपलक्ष्य
ghumaee,घुमाई,घुमाई
angareddi,संगारेड्डी,संगररेड्डी
vaulta,वसूलता,वसुल्ता
kubuddin,कुबुद्दीन,कुबुद्दीन
mangla,मंगला,मांगला
tockton,स्टॉकटन,स्टॉक्टन
peniondhariyon,पेंनधारियों,पेन्सिंधारियों
commerce,कॉमर्स,कमररसस
evanton,इवान्स्टन,इवैंस्टन
anhyon,संयों,सं्यों
lui,लुइस,लुइस
munafa,मुनाफा,मुनाफा
tyauharon,त्यौहारों,त्यौहरों
mehaman,मेहमान,मेहमन
activitie,ऐक्टिविटीज,एक्टिविटीज
protect,प्रोटेक्ट्स,प्रोटेक्ट्स
anuaarakaa,अनुसारका,अनुसारका
ware,वेयर,वारे
himali,हिमाली,हिमाली
pratibaddhataa,प्रतिबद्धाता,प्रतिबद्धता
vidyaayein,विद्याएं,विद्यायें
pahnaakar,पहनाकर,पहनाकर
cdyaan,सीडीयां,स्यान
chennai,चेन्नई,चेन्नई
johari,जोहरी,जोहरी
jagayega,जगाएगा,जगयेगा
dabhara,डभरा,दभारा
dhumrapaan,धुम्रपान,धूम्रपान
idol,आइडल,इईडोल
tewaree,तेवरी,टीवेरी
focu,फ़ोकस,फ़कस
poole,पूल,पूले
ratrichar,रात्रिचर,रातृचर
roa,रोज़ा,रोसा
bewakoofaanaa,बेवकूफाना,बेवकूफ़ाना
apcotex,एपकोटेक्स,एपकॉटेक्स
parmoujood,परमौजूद,परमूजूद
kranj,करंज,क्रांज
hiarah,हिसारः,हिसारह
fargo,फार्गो,फार्गो
kolhapur,कोल्हापुर,कोल्हापुर
tadipar,तड़ीपार,तडीपपर
lewiville,लेविसविल,लिवोसिवले
jhuthalane,झुठलाने,झुठलने
uchi,सूची,सुचि
tool,टूल्स,टूल्स
chharhari,छरहरी,छरहरी
bandhan,बंधान,बाधान
pratihthaavaale,प्रतिष्ठावाले,प्रतिष्ठावाले
burleon,बर्ल्सन,बर्लेसन
pegaw,पेगव,पेगाव
lokbhavaali,लोकसभावाली,लोकसभवाली
riane,रिसने,रिसाने
rajnandgaon,राजनंदगांव,राजनंदागां
venkatraman,वेंकटरमन,वेंकटरममण
prawrutriyon,प्रवृत्रियों,प्रवरततरियों
pujapath,पूजापाठ,पुजापथ
jacinto,जकिंटो,जैसिन्टो
praavine,प्राविंसेस,प्राविन्से
muflii,मुफलिसी,मुफलिसी
angrur,संगरूर,सांगरूर
aagaman,आगमन,आगमन
neurovacular,न्यूरोवेस्कुलर,न्यूरोवास्सुलर
nizamabad,निज़ामाबाद,निजामाबाद
nihpaap,निष्पाप,निष्पप
prakahakah,प्रकाकः,प्रकाषाह
putli,पुतली,पुत्ली
ganapathy,गणपति,गणपथथ
anvaharya,अन्वाहार्य,अनवहार्य
pitamah,पितामह,पिताम
palatne,पलटने,पलटने
tate,टेट,टते
talabgaar,तलबगार,तलबबागर
jaankaaron,जानकारों,जाकारों
panter,पंटर,पैंटर
takara,टकरा,टकरा
digvijay,दिग्विजय,डिग्वियाय
bateeh,बस्तीः,बस्तीह
lahlahati,लहलहाती,लहलहहटी
matmaula,मस्तमौला,मस्तमौला
kachchhe,कच्छे,कछ्छे
wecha,स्वेच्छा,स्वेचा
denver,डेनवर,डेनवेयर
vaoolataa,वसूलता,वसूलता
maarake,मारके,मारके
tawaaron,तस्वारों,तस्वारों
dhaagaa,धागा,ढागा
manchanda,मनचंदा,मंचंदा
vaidhruti,वैधृति,वैधृति
baatah,बातः,बातः
aantrit,आंत्रित,आंतृत
chadhen,चढ़ें,चढ़ें
eetal,एसेटल,एसिटल
yanit,यनित,यानित
laphz,लफ्ज,लाफ्ज
badaaen,बड़ाएँ,बड़ाएँ
lahanaa,लहना,लहना
kaaryayojana,कार्ययोजना,कार्ययोजना
jaagriti,जागृति,जागृति
kanindham,कनिंघम,कनिंधाम
hero,हीरोज,हरोस
bhurbhura,भुरभुरा,भूरभुरा
anathaan,संसथान,संसंथां
uction,सक्न,सक्न
ikhin,सीखीं,सिखिन
tyoiharon,त्यौहारों,त्योहिरों
ierra,सिएरा,सियरा
tyre,टायर्स,टाइरस
prahikhu,प्रिक्षु,प्रिक्षु
kumar,कुमार,कुमार
nividaataaon,निविदाताओं,निविदाताओं
arvjaatiya,सर्वजातीय,सर्वजजतिया
mukaddamon,मुकद्दमों,मुकद्दमों
tonic,टॉनिक,टोनिक
athetic,एस्थेटिक,एस्थेटिक
kailana,कायलाना,कैलना
knoxville,नॉक्सविल,कोनोक्सवेल
jatati,जताती,जतती
jockey,जोकि,जोकेय
vidhanabhaen,विधानसभाएं,विधानसभाएं
gyatvy,ज्ञातव्य,ज्ञाव्ी
jain,जैन,जेन
meharaam,मेहराम,मेहराम
vaigyaanik,वैज्ञानिक,वैज्ञानिक
beeeee,बीएसएसएस,बीसेस
mahapran,महाप्राण,महाप्रण
charit,चरित,चरित
honeywell,हनीवेल,होनेवेल
heelabhang,ीलभंग,ीलाभंग
likhkar,लिखकर,लिखकर
bhadkaya,भड़काया,भड़काया
francico,फ्रांसिस्को,फ़रैंसिक्सो
arica,एरिका,एआरआईएक
damaae,दमाए,दमाए
im,सीम,सीम
covina,कोविना,कोविना
jayalalithaa,जयललिता,जयललिता
akzo,एक्ज़ो,अक्जो
wargadoot,स्वर्गदूत,स्वर्गगुू
prapat,प्रपात,प्रपत
hilig,हीलिग,हिलिग
neemkathana,नीमकाथाना,नीमखथाना
jankaron,जानकारों,जनकरों
angheeyataa,संघीयता,संघीयता
formuley,फार्मूले,फ़ॉर्मली
dhamkata,धमकाता,धमकाता
khangaali,खंगाली,खंगाली
jagriti,जागृति,जागृति
puroohottampur,पुरूषोत्तमपुर,पुरूषोत्तापुर
krendron,क्रेन्द्रों,क्रेंड्रोन
ooraj,सूरज,सोराज
baanyaa,बांया,बाँया
notebandihuda,नोटबंदीुदा,नोटेबंदीदा
takhir,तसखीर,तस्खीर
gond,गोंड,गोंड
vihnupura,विष्णुपुरा,वि्णुपुरा
prabodhini,प्रबोधिनी,प्रबोधिनी
myer,मयर्स,मायर्स
phaibrik,फाइब्रिक,फैबब्रिक
todenge,तोड़ेंगे,तोड़ेगे
denier,डेनिअर,डिनियर
jeweller,ज्वेलर्स,जेवेलर्स
laffaajee,लफ्फाजी,लफ़ाजी
ankhyaen,संख्याएं,संख्याएँ
nirdehikaa,निर्देिका,निर्देिका
weting,वेस्टिंग,वेस्टिंग
pramukhataapoorwak,प्रमुखतापूर्वक,प्रमुखातपूर्वक
tugalki,तुगलकी,तुगलकी
adhikaran,अधिकरन,अधिकरण
amit,अमित,एमिट
calumet,कैल्यूमेट,कैलुमेट
nyootriyo,न्यूट्रियो,न्युत्रियो
phainn,फैंन,फेन्न
marriage,मैरेज,मैरिएज
achivement,अचीवमेंट,अचिवमेंट
cronfrencing,क्रान्फ्रेंसिंग,क्रोन््रेंसिंग
agta,अगस्ता,एजीएसटीए
jodta,जोड़ता,जोड़ता
ved,वेड,वेद
ulazaanon,उलझानों,उल़ज़नों
dafan,द़फन,दफन
bail,बेसिल,बासिल
padaraunaa,पडरौना,पदरौना
baagora,बागोरा,बागोरा
favvara,फव्वारा,फवववरा
hrunkhla,्रंखला,्रुणख्ला
prataavon,प्रस्तावों,प्रस्तावों
vihvwandhya,वि्ववंद्या,वि्ववनध्य
khatakati,खटकती,खटकती
mukhyamantri,मुख्यमंत्री,मुख्यमंत्री
nihra,नि्रा,निरा
hreeganganagarwaaiyon,्रीगंगानगरवासियों,्रीगणवगरणावियांे
colorado,कोलोराडो,कोलोडाोो
ikattha,इकट्ठा,इकट्ठा
ahuuliyata,सहूलियत,सहूलियता
chabutre,चबूतरे,चाबुरते
ankor,अंकोर,अंकोर
indutrial,इंडस्ट्रियल,इंडस्््ररियल
jhauvaa,झउवा,झौवा
excel,एक्सेल,एक्ससेल
hill,हील्स,हिल्स
leandro,लियान्ड्रो,लिएन््रो
bekhvaabiyaan,बेख्वाबियां,बेखवाबियाँ
chaudahavan,चौदहवां,चौधावन
forcee,फारसी,फोरसी
baithate,बैठते,बैठते
dropadiyon,द्रोपदियों,द्रोपदायों
bhrahtachareeyon,भ्रष्टाचारीयों,भ्रष्टाचारियों
aawaazen,आवाज़ें,आवाज़ें
najib,नजीब,नाजिब
macia,मैकियास,मैकियास
pell,स्पेल,स्पैल
jarakh,जरख,जाख़
antayant,अन्त्यन्त,अंतायंत
europlat,यूरोप्लास्ट,यूरोप्लास्ट
kurukhetra,कुरुक्षेत्र,कुरुक्षेत्र
antdiyan,अंतडियां,अंत्दियां
augututine,अगस्टाइन,अगस्टूस्टीन
krutyaa,कृत्या,क्रुत्या
bairakpur,बैरकपुर,बैरकपुर
udeepton,सुदीप्तों,सुदीप्तों
tantrikao,तंत्रिकाओं,तंत्रिकाओ
tyohar,त्यौहार,त्योहार
appaanwaalee,सप्पांवाली,सप्पांवली
lee,ली,ली
purkayatha,पुरकायस्थ,पुरकायस्था
amanye,असमान्य,असमान्ये
ukhad,उखड,उखड
emily,एमिल,एमिली
pardaa,पर्दा,परदा
tribhaahaa,त्रिभाषा,त्रभाषा
reddy,रेड्डी,रेड्डी
rahtrabhakton,राष्ट्रभक्तों,राष्ट्रभक्तों
phaadanhe,फाडऩे,फादनेह
dhona,धोना,धोना
chandan,चंदन,चादान
ainjal,ऐंजल,ऐंजल
moolchand,मूलचंद,मूलचंद
mukarrar,मुक़र्रर,मुकर्र
karyakaryakartaon,कार्यकार्यकर्ताओं,कार्यकर्या्करताओं
fatama,फातमा,फतामा
khitabon,खिताबों,खिताों
lawrie,लॉरी,लावरी
kanthahar,कंठहार,कंठहर
aabhaar,साभार,साभार
pafin,पफिन,पफीन
oklahoma,ओक्लाहोमा,ओकलाहोमा
darawani,डरावनी,दारवणी
jaun,जौं,जौन
argi,सरगी,सरगी
bechkar,बेचकर,बेचकर
augutine,अगस्टाइन,अगसस्टाइन
communicator,कम्युनिकेटर्स,कम्यूमिकिटर्स
oria,ओडिसा,ओरिस्सा
tolaan,तोलासन,तोलासन
daw,दाव,डेव
amaanat,अमानत,अमानत
takra,टकरा,तकरा
jivraj,जीवराज,जिवराज
narmi,नरमी,नर्मी
matiyaanaa,मतियाना,मतियाना
thaakurvaadee,ठाकुरवादी,ठाकुरवाडी
kuhan,कुषाण,कुन
gurdon,गुर्दों,गुर्डों
hurley,हर्ले,हर्ले
mohindar,माेहिंदर,मोहिंदर
pulinde,पुलिंदे,पुलिंदे
anawahyak,अनाव्यक,अनवाष्यक
nauvahan,नौवहन,नौवहन
top,स्टॉप्स,स्टॉप्स
dhamma,धम्मा,धम्मा
atke,अटके,अटके
raghuram,रघुराम,रघुराम
neko,नेको,नेको
utrapada,सूत्रपाडा,सूत्रपाद
namdhari,नामधारी,नमधारी
penion,पेंषन,पेनियन
gaanv,गॉंव,गाँव
pintaa,पिंटा,पिंटा
aawajon,आवाज़ों,आवाजों
bataayaaki,बतायाकि,बतायकी
daiy,डेजी,डेसी
centennial,सेंटेंनियल,सेंटेनिनियल
jeevniyaan,जीवनियां,जीवनियां
coimbatore,कोयम्बटूर,कोम्बेटर
apar,अपर,अपार
apane,सपने,सपने
dotanapurna,दोस्तानापूर्ण,दोस्तनापूर्ण
vinaht,विनष्ट,विनाष्ट
tain,स्टैन,स्टेन
coon,कून,कून
electroteel,इलेक्ट्रोस्टील,इलेक्ट्रोस्टल
bhratrachariyon,भ्रष्ट्राचारियों,भ्रस्त्राचारियों
unnatiyon,उन्नतियों,उन्नतियों
dayton,डेटन,देटन
barbartapurna,बर्बरतापूर्ण,बर्बरतापूर्ण
panihati,पानीहाटी,पनिहती
nagaada,नगाड़ा,नगाड़ा
vyakhyatmakta,व्याख्यात्मकता,व्याख्यातममकता
arjuga,सरगुजा,सरजुगा
awaazon,आवाज़ों,अवाजों
torrance,टोरेंस,टोरेंस
raaj,राज,राज
alagalag,अलगअलग,अलागलग
laurene,लौरेंस,लॉरेंसे
kaipdhari,कैपधारी,कैपधरी
utaraadhikaaree,उतराधिकारी,उतराधिकारी
upadrawon,उपद्रवों,उपद्रवों
mejbaan,मेज़बान,मेजबाँ
madurai,मदुरई,माुराई
lubhaate,लुभाते,लुभाते
racer,रेसर,रेसर
bagli,बागली,बागली
maange,मांगे,माँगे
tuning,ट्यूनिंग,टनिंग
lakhkhi,लख्खी,लखखी
petaluma,पेटालुमा,पेटालुमा
jedateeiaaft,जेडटीईसाफ्ट,जेडेटाईफ़््त
vladimir,व्लादिमीर,व्लैडिमिर
chhednaa,छेड़ना,छेड़ना
holt,होल्ट,हॉल्ट
khaakar,ख़ासकर,खासकर
biolozi,बायोलॉजिस्,बायोलॉजिस
eneeaardablyuee,एनसीआरडब्ल्यूसी,इनसियर््लाब्जी
chhapemar,छापेमार,छापेमार
dwarikeh,द्वारिके,द्वारीके
uniti,सुनीति,सुनिति
chinke,छींके,चिंके
gajara,गजरा,गजरा
nathdwara,नाथवाड़ा,नाथद्वारा
pirit,स्पिरिट्स,स्पिरिट्स
jeetanewalon,जीतनेवालों,जीतनेवालों
khilana,खिलाना,खिलाना
khhomche,खोमचे,खोमचे
haaanadhikariyon,ासनाधिकारियों,ासनाधधिकारियों
havyaatra,वयात्रा,व्यात्र
mahapatra,महापात्रा,महापत्र
cateline,कैटलिन,कैटेलाइन
bavji,बावजी,बावजी
immaichyority,इम्मैच्योरिटी,इमिैिचियोर्टी
iqbal,इक़बाल,इक़बाल
puhpa,पुष्प,पुष्प
narwar,नरवर,नारवर
aam,असम,असाएम
raahtrapit,राष्ट्रपित,राष्ट्रपित
chidhte,चिढ़ते,चिढ़ते
frektar,फ्रेक्टर,फ्रेक्टर
clay,क्ले,सीएलईई
obrayan,ओब्रायन,ओबरायन
avru,अवरु,अवरू
kheda,खेड़ा,खेड़ा
letaeng,लेटसेंग,लिटासेंग
jalapot,जलपोत,जलापोट
karykartaon,कार्यकर्ताओं,कार्यकर्ताओं
gayatri,गायत्री,गयात्री
yemmiganur,येम्मिगनुर,येमिमगुर
rahtriyadhyakha,राष्ट्रियाध्यक्ष,राष्ट्रियाध्यक्षा
chandramaon,चंद्रमाओं,चंद्रमाओं
patkathayen,पटकथाएं,पटकथाएं
arthon,अर्थों,अर्थन
hivamogga,िवमोगा,िवामोगगा
melaghaat,मेलघाट,मेलाघाट
khaataur,ख़ासतौर,खास्तौर
kavyavidhaaon,काव्यविधाओं,काव्यविधाओं
nodarani,नोडरानी,नोदररीनी
uthapatak,उठापटक,उठापतक
amdharhni,समदर्िनी,समधर्षीन
haraval,हरावल,हरावल
higman,हाइमन,हिगमैन
dhanhyaam,धन्याम,धन्यमम
padhata,पढ़ाता,पढ़ता
farmic,फार्मिक,फ़रमिक
audhyogikaran,औद्योगिकरण,औद्योगिकरण
dhavakon,धावकों,धावकों
enterprie,एंटरप्राइज,एन्टरप्राइज
anyukt,संयुक्त,संयुक्त
fijoolkharchi,फिजूलखर्ची,फिजूलखर्ची
puroohottamachary,पुरूषोत्तमाचार्य,पुरूषोत्तामाचारी
thikane,ठिकाने,ठिकने
manto,मंटो,मान्टो
arkarein,सरकारें,सरकारें
bhavihya,भविष्य,भविष्य
tein,स्टीन,स्टेन
yamala,यमला,यमाला
vadli,वडाली,वडली
nanyaulaa,नन्यौला,नन्ौौला
pakhandi,पाखंडी,पाखंडी
khaatadhaarak,खाताधारक,खातधारक
khetradwara,क्षेत्रद्वारा,क्षेत्रदेवरा
najriyon,नजरियों,नजररययों
kharuwaar,खरुवार,खरुवार
andaajee,अंदाजी,अंदाजी
hadadhi,दधि,ादाी
barata,बरसाता,बरसाता
duhtaapurvak,दुष्टतापूर्वक,दुष्टापूर्वक
ghumaan,घुमाण,घुमाँ
independet,इंडिपेन्डेट,इंडेपेडेंट
glendale,ग्लेंडल,ग्लेंडेल
mercado,मर्काडो,मेरकाडो
pailot,पायलट,पैलॉट
log,लोग,लोग
carbogen,कार्बोजेन,कार्बोजेन
paint,पेंट्स,पेन्ट्स
lakhmidhar,लक्ष्मीधर,लक्ष्मीधार
takeinider,टेकइनसाइडर,टेकेंसाइडर
uchchaadhikaareeyo,उच्चअधिकारीयो,उच्चाधिकारियय
jababee,जबाबी,जबाबी
haradil,हरदिल,हरादील
mahattaron,महत्तरों,महत्तरों
evav,एवव,एवाव
chikhali,चिखली,चिखाली
la,लास्ट,लास
juloo,जूलूस,जुलूस
outomaitically,औटोमैटिकली,आूटोमैटिललल
jaljale,ज़लज़ले,जलजले
ganthe,गांठे,गंठे
qiwi,क्यूआईडब्ल्यूआई,किवि
zarakh,जरख,ज़रर
nahinkarvaaee,नहींकरवाई,नहिनकर्वान
myore,मैसोर,मायोर
choodhe,चूड़े,चूढे
jaiban,जयबाण,जयबन
haan,हां,हाँ
vigyaanam,विज्ञानम,विज्ञानम्
buena,बुएना,बुएना
tapan,तपन,तापन
thanvi,थानवी,थानी
mattancheri,मट्टानचेरी,मत्तांचेरी
karta,कटरा,करता
lagna,लगना,लग्ना
mandadi,मनदड़ी,मंडादी
pipli,पिपली,पिपली
urvanaa,सुर्वणा,सुरवाणा
balot,बेलोट,बलोट
jamudiya,जामुड़िया,जामुडया
mavey,मावे,मवेय
cw,सीडब्ल्यू,सीवीएू
ghareebon,ग़रीबों,घरीबों
dradh,दृढ़,द्रध्ध
jyotihyhatron,ज्योतिष्यास्त्रों,ज्योतिषिस्त्रों
panipat,पानीपत,पानिपट
chhateni,छतेनी,छतेनी
bajaj,बजाज,बजज
amprbhuta,संप्रभुता,संप्रभुता
tewree,तेवरी,तेवरी
premphalah,प्रेमफलः,प्रेमफलह
pfaudler,फाउडलर,फ्फॉडलर
rihte,रि्ते,रि्ते
broke,ब्रोक,ब्रोके
vihehanon,विेषणों,विेषणों
achan,सचन,सचन
bayaane,बयाने,बयाने
haanadhikaariyon,ासनाधिकारियों,ासनाधिकाराियों
trong,स्ट्रॉन्ग,स्त्रंग
durdhara,दरदरा,दुर्धरा
ichchhee,इच्छी,इच्छी
nagarik,नागारिक,नागरिक
anhayon,संयों,संयों
hakikat,हकीकत,हकीकत
dork,डॉर्क,डोर्क
jarurih,जरूरीः,जारुरह
graham,ग्राहम,ग्रहम
mugaalataa,मुगालता,मुगलता
aia,एेसा,एएसा
chune,चुने,चुने
badhanaa,बढना,बढ़ना
mihra,मि्रा,मि्र
jaden,जड़ें,जडें
balty,बाल्टी,बाल्टी
mukabaale,मुकबाले,मुकाबले
bagichi,बगीची,बागीची
tremaik,त्रैमासिक,ट्रेमासिक
roopak,रूपक,रूपक
phatahee,फटही,फटही
jeevati,जीवति,जीवती
tikiyon,टिकियों,टिकियों
aparivartanhil,अपरिवर्तनील,अपरिवर्तनील
hanumangarh,हनुमानगढ़,हनुमानगढ़
matyavatar,मत्स्यावतार,मत्स्यावतर
leedaron,लीडरों,लीदरों
hrirampur,्रीरामपुर,्रीरामपुर
cement,सिमटे,सीमेंट
raajbhaaee,राजभाई,राजभाई
bijendrainh,बिजेन्द्रसिंह,बिजेन्द्रसिंह
dablyoopeedee,डब्ल्यूपीडी,डबल्यूपीडी
neal,नील,नीएल
protekt,प्रोटेक्ट्स,प्रोटेक्ट्स
haino,हसीनों,हासिनो
paimaih,पैमाइ,पैमाइ
ujjain,उज्जैन,उज्जाइन
uhanubhooti,सुहानुभूति,सुहनुभूति
hatyaaropit,हत्यारोपित,हत्यारोपित
rewari,रेवाड़ी,रेवारी
chauda,चौड़ा,चौडा
jindagee,जिदंगी,जिंदगी
ukhakar,सूखाकर,सुखाकर
urbandale,अर्बनडेल,उरबंदले
chheter,छेत्र,छेतर
aditya,आदित्या,आदित्य
nyutriyo,न्यूट्रियो,न्युत्रियो
uthaaeange,उठाएँगे,उठाएंगे
raalod,रालोद,रालोड
naidillee,नईदिल्ली,नैदिल्ली
rate,रेट,रते
hrikar,्रीकर,्रीकर
parbhani,परभणी,परभानी
julaahon,जुलाहों,जुलाहों
oochnah,सूचनाः,सूचनाह
motheron,मदरसन,मोथरसन
lekhakganon,लेखकगणों,लेखकगणों
amjhera,अमझेरा,अमझेरा
kamaljeet,कमलजीत,कमलजीत
aptkraanti,सप्तक्रांति,सप्त्रकांति
janahikha,जनिक्षा,जनािक्षा
machaaye,मचाए,मचाये
jatatee,जताती,जततत
race,रेस,रेस
garibi,गरीबी,गररीबी
michael,माईकल,मिचल
nakalwaad,नक्सलवाद,नक्सलवाद
dharmanirpekhtaake,धर्मनिरपेक्षताके,धर्मनिर्पेक्षके
evala,सेवाला,सेवाला
veronika,वेरोनिका,वेरोनिका
mue,मुऐ,मुयू
balkrihna,बालकृष्ण,बालकृष्ण
vila,विलास,विलास
tray,स्ट्रे,स्ट्रे
faureni,फारेंसिस,फ़रेंसिस
bairhat,बसीरहाट,बसीरहट
balurak,बलुरक,बलुरक
haao,ाओ,ाओ
maloun,मलौन,मलौँ
ochoa,ओकोआ,ओचीओ
ametti,समेटती,समेट्टी
jatilaa,जटिला,जतिला
fainn,फैंन,फेन
hakhiyaten,ख्सियतें,ख्सीयतें
khelmantree,खेलमंत्री,खेलमंत्री
bokaro,बोकारो,बोकारो
dabangata,दबंगता,दाबंगता
chauingha,चौसिंगा,चौसिंघा
patiala,पटियाला,पतियला
karyakartriyon,कार्यकर्त्रियों,कार्यकर्त्रियों
bhupingh,भूपसिंह,भुपसिंह
nichaai,नीचाई,निचाई
bigget,बिगेस्ट,बिगेस्ट
manner,मैनर,मैनर
dungerpur,डूंगरपुर,डुंगरपुर
dhoraaji,धोराजी,धोराजी
bhutal,भूतल,भुतल
bekaaboo,बेकाबू,बेकाबू
kelly,केली,केली
aagahe,आगाे,आगे
varnit,वर्णित,वर्नित
control,कंट्रोल,कॉंट्रल
mejbaani,मेजबानी,मेजबानी
kubuddeen,कुबुद्दीन,कुबुद्दीन
theateron,थियेटरों,थिएटरों
bhui,भूसी,भुसी
gajipur,गाजीपुर,गाजीपुर
ladhege,लड़ेगे,लढ़ेगे
lenevali,लेनेवाली,लेनेवाली
tolakarmee,टोलकर्मी,तोलकर्मी
ginate,गिनते,जिनेटे
waterbury,वाटरबरी,वाटरब्यूरी
bhalla,भल्ला,भल्ला
rahya,रह्या,राह्य
daratey,डराते,डरेटी
ahab,साहब,सहब
beeaaeeaaeeteeem,बीआईआईटीएम,बीअीीचाीम
naimul,नैमुल,नैमुल
rocket,रकेट,रॉकेट
karawanou,करावणौ,करावनु
kaaji,काजी,काजी
hammond,हैमंड,हममंड
daampatya,दांपत्य,डामपत्य
hakubahey,कसुबहे,ाक्सबाहे
bhatnagar,भटनागर,भटनगर
tantro,तंत्रों,टैंट्रो
avuti,आवृत्ति,अवुति
jing,जिंग,जिंग
valve,वाल्व,वाल्वे
bhedabhaavon,भेदभावों,भेदभावों
namkeen,नमकीन,नमकीं
beard,बियर्ड,बीअर्ड
grenite,ग्रेनाइट,ग्रेनिट
dhandhanya,धनधान्य,धनढन्या
ainth,ऐंठ,एंट
khare,खरे,खरे
hulkah,ुल्कः,ुल्काह
amod,आमोद,अमोद
abhaen,सभाएं,सभाएँ
murmur,मरमर,मुरमुर
laaminaar,लामिनार,लामिनार
araikela,सरायकेला,सराकेला
font,फॉन्ट,फोन्ट
dhamana,धस्माना,धसमाना
evava,एवव,इवावा
burch,बर्च,बर्च
acchidanand,सच्चिदानंद,सच्चिदानंद
bhutto,भुट्टो,भुट्टो
vatvik,वास्तविक,वास्त्विक
jhabua,झाबुआ,झबुआ
aregama,सारेगामा,सरेगामा
vaigyanikata,वैज्ञानिकता,वैज्ञानिकता
vigyaanapeediyaa,विज्ञानपीडिया,विज्ञानादीविया
chhupkar,छुपकर,छुपकर
aatmamugdha,आत्ममुग्ध,आत्मतुद्ध
rana,राणा,रना
katihar,कटिहार,कािहर
mhavidya,महाविद्या,म्हाविद्य
ahovaliya,साहोवालिया,सहोवविलय
mukhyaatithiyon,मुख्यअतिथियों,मुख्यातितियों
arya,आर्यो,आर्या
poornehwari,पूर्णे्वरी,पूर्णे्वरी
oochnaah,सूचनाः,सूचनाह
murgeepaalan,मुर्गीपालन,मुर्गीपालन
chhallaa,छल्ला,छल्ला
lutf,लुत्फ,ल्यूटीएफ
erica,एरिका,एरिका
vive,विवेस,वाइव्स
lapatta,लापत्ता,लपट्टा
vyapak,व्यापक,व्यापक
arymaa,अर्यमा,अर्मा
half,हॉफ,हाल्फ
miouri,मिसौरी,मिसौरी
mufalii,मुफलिसी,मुफलिसी
crane,क्रेन,क्रने
tanu,तनु,तैनू
rayanik,रसायनिक,रास्यनिक
banvaa,बनवा,बनवा
umi,सुमि,सुमी
galatfahmi,ग़लतफ़हमी,गलतफ्मही
ulahna,उलाहना,उलहना
ghotaalebaajon,घोटालेबाजों,घोटालेबाजों
pratipaalpur,प्रतिपालपुर,प्रतिपालपुर
khatakhataaegee,खटखटाएगी,खटखटाएगी
iratee,सिरती,सिरती
refractorie,रिफ्रेक्टरीज़,रेफ्रैक्टरियों
anyuktawatha,संयुक्तावस्था,संंयुकत्वस्था
advait,अद्वैत,अड़वैत
thoma,थॉमस,थोमस
gati,गति,गती
afradganj,सफरदगंज,सफर्गगंज
vaatan,स्वातं,स्वातन
jaatiyon,जातियों,जातियों
brahmvarta,ब्रह्मवर्ता,ब्रह्मवर्ता
garrion,गेरीसन,गैरिसन
adanand,सदानंद,सदानंद
alai,अली,अलाई
capdhari,कैपधारी,कैपधरी
greer,ग्रीर,ग्रीर
chamakna,चमकना,चमकना
hundiya,हंडिया,हुंडिया
labdh,लब्ध,लब्ध
maiore,मैसोर,मैसोर
nadaf,नदफ,नदफ
gonpo,गोंपो,गोणपो
pope,पोप,पोपे
kantinyoo,कंटिन्यू,कांतियोनि
jamhedpur,जमेदपुर,जमेदपुर
velvet,वेलवेट,वेलवेट
araaymohiuddinpur,सरायमोहिउद्दीनपुर,सरायमुहदन्दीपुर
girivaaiyon,गिरिवासियों,गिरीवासियों
padani,पड़नी,पदानी
zalana,झालाना,ज़ालना
poorwajanmon,पूर्वजन्मों,पूर्वजं्ों
alai,आलसी,अलासी
atri,अत्री,एट्री
feed,फीड्स,फीड्स
quah,स्क्वै,स्क्वै
inaani,इनसानी,इंसानी
agrahari,अग्रहरि,अग्रहरी
palmer,पाल्मर,पाल्मर
parichar,परिचर,परिचर
emi,एमी,एएमआई
urvin,सुरवीन,सर्विन
karaikal,कराईकल,कराइकल
peranormal,पैरानॉर्मल,पेरानोम्ल
phaade,फाड़े,फाड़े
jue,जुए,जूए
adhikaariyaan,अधिकारियां,अधिकारियाँ
roller,रोलर्स,रॉलर्स
wabag,वाबाग,वाबाग
lordaa,लोरदा,लोरदा
aindan,सैंदान,सैंदन
pradadhikariyon,प्रदाधिकारियों,प्रादाधिकारियों
antony,एंटोनी,एंटोनी
palaari,पलारी,पलारी
jhuthla,झुठला,झुठला
aakandon,आकंड़ों,आकंडों
pratikaraa,प्रतिकारा,प्रतिकारा
faiala,फ़ैसला,फैसला
kainawij,कैनविज,कैनाविज
officially,ऑफिियली,आफिसिलली
dum,डम,डीएम
bheera,भीरा,भीरा
paratrooper,पैराट्रूपर,पैरटटररर
foodon,फूडॉन,फूडों
rojvelt,रुजवेल्ट,रोजवेल्ट
yatraein,यात्राएं,यात्रेएं
phalne,फलने,फलने
praudh,प्रौढ,प्रौध
texa,टेक्सस,टेक्सास
baramula,बारामुला,बारामूला
vaayatthaaan,स्वायत्तासन,स्वायत्तसस
kohadhikaaree,कोषाधिकारी,कोाधिकारी
kaarniyaan,कार्नियां,कार्णियाँ
undaram,सुंदरम,सुन्दरम
bhola,भोला,भोला
hikhakarmiyon,िक्षाकार्मियों,िक्षाकर्मियों
haniwar,निवार,निवार
chaudhavan,चौदहवां,चौधवन
qazi,काजी,क़ज़ी
lagneh,लग्ने,लग्ने
navketan,नवकेतन,नवकेतन
fleh,फ्ले,फ्ले
danville,डैनविल,डावविले
greg,ग्रेग,ज्रेग
ehiyavan,एियवन,ईियावन
bharahtachaariyon,भरष्टाचारियों,भरष्टाचारियों
evakon,सेवकों,सेवाकों
hringar,ृंगार,्रृंगर
vaimanaya,वैमनस्य,वैमनस्य
ratanpur,रतनपुर,रतनपुर
pranangali,प्राणसंगली,प्रांसंगली
chabate,चबाते,चबते
viangatiyaa,विसंगतिया,विसंगतिया
eyarkandeehnar,एयरकंडीनर,इयरकंंदरर
grahanakaal,ग्रहणकाल,ग्राहनकाल
kanai,कंसाई,कांसाई
laundry,लॉन्ड्री,लांडररर
naabhikund,नाभिकुंड,नाभीकुण्ड
paroane,परोसने,परोसने
amhayon,संयों,समायों
aabru,आबरू,आबरू
taajaa,ताजा,ताजा
bhaadaa,भाड़ा,भाड़ा
udaygadhi,उदयगढ़ी,उदयगढी
adaqen,सडक़ें,सदाकें
rukte,रुकते,रुकते
udanen,उड़ानें,उड़नें
ramtek,रामटेक,रामेेक
hararat,रारत,रारत
afari,सफारी,सफारी
maadheekhedhaa,माड़ीखेड़ा,माधीखेखा
roopeh,रुपे,रूपे
herrera,हेरेरा,हेरेरा
parikhao,परीक्षाओ,परीक्षाओ
kiagoi,किस्सागोई,किस्सागोई
ventura,वेंचुरा,वेंतुरा
maa,मास,मास
nandoi,नंदोई,नंददोई
jokhimabharaa,जोखिमभरा,जोखिमाभरा
rehaana,रेहाना,रेहाना
ncrwc,एनसीआरडब्ल्यूसी,एनसीआरवीसी
nitin,नितिन,नितीन
cruce,क्रुसेस,स्रूस
jhanktaa,झांकता,झंकटा
kamau,कमाऊ,कमाउ
aapka,आपका,आपका
tangirala,टेंगीरला,टंंगीराला
ahitakaaree,अहितकारी,अहितकारी
nucleu,न्यूक्लियस,न्यूस्लस
amvedanheelata,संवेदन्ीलता,संवेदनीलता
udaipur,उदयपुर,उदैपुर
ballitic,बैलिस्टिक,बैलिस्टिक
dhundh,ढूंढ,ढुंध
labelon,लेबलों,लेबलों
tribunal,ट्रिब्युनल,ट्रिबनल
mezbaan,मेजबान,मेजबां
yallaappaa,यल्लाप्पा,यल्लाप्पा
enthe,ऐंठे,एंथे
ebaz,एबज,एबाज
pratiyukti,प्रतियुक्ति,प्रतियुक्ति
nirbaadh,निर्बाध,निरबाध
vyvhargat,व्यवहारगत,व्यवहरगत
idukki,इड्डुक्कि,इदुक्की
ro,रॉस,रोस
araa,सरसा,सरसा
welding,वेल्डिंग,वेल्डिंग
anumar,अनुमार,अनुमार
raidcra,रैडक्रास,रेडक्रास
milk,मिल्क,मिल्क
naphaa,नफ़ा,नफा
kamere,कमेरे,कमेरे
khitaabon,खिताबों,खिताबों
tokne,टोकने,टोकने
galgand,गलगंड,गलगंं
welwet,वेलवेट,वेलवेट
lalmanee,लालमणी,लालमणी
chataa,चता,चटा
chalit,चालित,चलित
aaboorod,आबूरोड,आबूरोड
kaera,कसेरा,कासेरा
nakalavaad,नक्सलवाद,नक्सलवाद
pratigya,प्रतिज्ञा,प्रतिज्ञा
ritukaant,ऋतुकांत,ऋतुकान्त
utthak,उठ्ठक,उत्ठक
durghatna,दुर्घटना,दुर्घटना
alba,अल्बा,अलबा
ophner,सॉफ़्नर,सॉफनर
funkane,फुंकने,फ़ककने
bull,बुल,बुल्ल
bhugta,भुगता,भुगता
eel,एस्सेल,एस्सेल
jvar,ज्वार,ज्वर
bahunt,बहुंत,बाहुंत
ladhkiyon,लड़कियो,लढ़कियों
deccan,डेक्कन,डेक्कैन
hiaarah,हिसारः,हिसारह
damae,दमाए,दामा
agarwal,अग्रवाल,अगरवाल
divya,दिव्य,दिव्य
bajpai,बाजपेयी,बाज़पाई
haliyaa,हलिया,हलिया
caron,कार्सन,कार्सन
uhagin,सुहागिन,सुहागीन
nagpur,नागपुर,नागपुर
gumhudagi,गुमुदगी,गुमुदागी
daramyaanee,दरम्यानी,दरम्ययानी
herawat,सहरावत,ेरावत
canterbury,कैंटरबरी,कैंटरब्री
bauer,ब्युर,बॉअर
ambience,आंबियंस,एम्बाईंस
autin,ऑस्टिन,ऑस्टिन
dataar,दस्तार,दस्तार
baangarotiya,बांगरोटिया,बांगरोटिया
nyutet,न्यूटेस्ट,न्यूटेस्ट
tavaron,तस्वारों,तस्वरों
kauhik,कौिक,कौिक
moran,मोरन,मोरन
tarkvaad,तर्कवाद,तर्कवाद
daihawaalaa,डैवाला,दैवाला
dhakal,ढकाल,धकल
lima,लिमा,लिमा
dabolim,डाबोलिम,दबोललम
olapur,सोलापुर,सोलापुर
rahtrak,राष्ट्रक,राष्ट्रक
tarkwaad,तर्कवाद,तर्कवाद
development,डेवलपमेंट,डेवलेमेंट
technoplat,टेक्नोप्लास्ट,टेक्नोप्लास्ट
mimicry,मिमिक्री,मिमिक्री
fode,फोड़े,फोडे
black,ब्लैक,ब्लैक
ihaara,इारा,इारा
vihehagyataon,विेषज्ञताओं,विेषाज्ञताओं
jita,जिता,जिता
prana,प्राना,प्राना
gadbadbadee,गड़बड़बड़ी,गड़बड़बी
yauniktaa,यौनिकता,यौनिकता
falibhoot,फलीभूत,फललीूूत
mundwa,मुंडवा,मुंडवा
texarkana,टेक्सरकाना,टेक्सरकन
wating,वेस्टिंग,वास्टिंग
tadpatee,तड़पती,तड़पती
hak,क़,क्क
kraar,क़रार,क्रार
parmehwarpur,परमे्वरपुर,पर्मे्वरुप
jyada,ज़्यादा,ज्यादा
beni,बैनी,बेनी
richakra,्रीचक्र,्रीचक्र
banbi,बांबी,बाबी
want,वांट,वान्
guna,गुना,गुना
de,डीई,डे
nimkathana,नीमकाथाना,निमकाना
crawford,क्रोफोर्ड,क्राफोर्ड
aaryam,आर्यम्,आर्यम
kakoo,काकू,काकू
prahlaad,प्रहलाद,प्रहलाद
bhautikwaadiyon,भौतिकवादियों,भौतिकवादियों
hogaah,होगाः,होगाः
aruhi,आरुषि,अरुि
pruitt,प्रूट,प्रूट
epoklip,एपोक्लिप्स,इपोकलिप्स
gm,जीएम,जीएम
nau,नाऊ,नौ
jaatakon,जातकों,जातकों
tafford,स्टेफोर्ड,स्टैफर्ड
vankhetra,वनक्षेत्र,वंक्षेत्र
vigyanon,विज्ञानों,विज्ञानों
dit,डिट,दित
cadmium,कैडमियम,कैडमियम
teji,तेजी,तेजी
niyantaaon,नियंताओं,नियंताओं
attraa,अट्टरा,अत्रा
brahmaiddhi,ब्रह्मसिद्धि,ब्रह्मसिद्धि
aamatee,आसमती,आसमती
mantarimandaliya,मंत्रिमंडलीय,मंतरिमंडिलया
newtet,न्यूटेस्ट,न्यूटेस्ट
caplin,कैपलिन,कैप्लिन
poorwottar,पूर्वाेत्तर,पूर्वोतर
youngtown,यंगस्टाउन,यांग्सटोन
ikai,इकाई,इकाई
ghairakaanoonee,ग़ैरकानूनी,घैरकानूनी
aden,एडेन,अडें
manjilen,मंजिलें,मंजिलें
avi,अवि,एवी
bhopal,भोपाल,भोपल
abhiyuktonke,अभियुक्तोंके,अभियुक्तोंके
aaburod,आबूरोड,आबूरोद
pontiac,पॉन्टिएक,पोन्टिक
ki,स्की,एससीआई
akron,अक्रोन,अकरों
zarda,जर्दा,ज़र्डा
kakheevati,काक्षीवती,कक्षीवती
vipannta,विपन्नता,विपंतना
nikharegaa,निखरेगा,निखरेगा
waathyaheenataa,स्वास्थ्यहीनता,स्वास्थ्यीनता
paarampariktaa,पारंपरिकता,पारमपरिकता
harp,ाॅर्प,र्प
hikaayatkartaa,िकायतकर्ता,िकायतकर्ता
evening,ईवनिंग,इविनिंग
abdunnaair,अब्दुन्नासिर,अब्दूनननसर
vita,विस्टा,विस्ता
cigretton,सिगरेटों,सिग्रेटन
gaye,गए,गेये
jodhpur,जोधपुर,जोधपुर
maxwell,मैक्सवेल,मैक्सवेल
chaudhawan,चौदहवां,चौध़ावन
uttariya,उत्तरिया,उत्तरिया
wheeling,व्हीलिंग,व्हीलिंग
mahawar,महावर,महावर
atmaen,आत्माएं,अटमेन
huhtamaki,हुहतमाकी,हुह्तामकी
panaamaa,पनामा,पनामा
hrehthawaroop,्रेष्ठस्वरूप,्रेष्ठस्वरूप
bhootal,भूतल,भूतल
laigikata,लैंगिकता,लागिकता
davindarpaal,दविन्दरपाल,दविंददरपाल
mwp,एमडब्ल्यूपी,एमवीपी
mohadhaa,मोहड़ा,मोहाढ़ा
hindon,हिंडन,हिंडों
taja,ताजा,तजा
ev,सेव,सेव
banaam,बनाम,बनाम
robarto,रोबर्तो,रोबार्तो
mendez,मेंडेज़,मेंडेज
cubeck,क्यूबेक,स्यूब
aliance,अलायंस,एलियेंस
dejeu,डिजीसस,डेजेस
brigade,ब्रिगेड,ब्रागेड
linmarga,लिंमर्ग,लिनमार्गा
kanjentevaaiti,कंजेंटेवाइटिस,कंजेनतावातीस
nimnavat,निम्नवत्,निम्मवत
eddy,एड्डी,एडी
jhaadane,झाड़ने,झाड़ने
khelaane,खेलाने,खेलाने
farm,फाॅर्म,फर्म
wyakteeyon,व्यक्तीयों,व्यक्तियों
gruhnagar,गृहनगर,गृहनगर
maniya,मनिया,मनिया
findlay,फाइंडले,फिंडलेे
reeleather,्रीलेदर्स,्रीलीटर्स
gujarata,गुजारता,गुजरता
miktaam,मिकटॉम,मिक्ताम
kanthhar,कंठहार,कंठर
viraangnaaon,वीरांगनाओं,विरांग्नाओं
jeremy,जेरेमी,जेरेमी
nivehkarta,निवेकर्ता,निवेकर्ता
killat,किल्लत,किलाट
walter,वाल्टर्स,वाल्टर्स
croby,क्रॉस्बी,क्रॉस्बी
dvivedi,द्विवेदी,द्विदेवी
conway,कॉन्वे,कनवेव
ganjhoo,गंझू,गंझझू
phwc,पीएचडब्ल्यूसीएस,पीएवईसीस
dikhayee,दिखायेे,दिखाई
nagine,नगीने,नेगिने
bhautikwadiyon,भौतिकवादियों,भौतिकवादियों
raajthanvaiyon,राजस्थानवासियों,राजस्थाननािियों
aahriton,आ्रितों,आ्रीतों
pratileetar,प्रतिलीटर,प्रतीलीतर
ladaaiyon,लड़ाईयों,लड़ाइयों
rihiraj,ऋषिराज,ऋषिराज
verger,वर्गर,वर्जर
uttra,उत्तरा,उत्तर
rawlani,रव्लानी,रालानी
rp,आरपी,आरपी
badaa,बडा़,बड़ा
tungnath,तुंगनाथ,तुंगनाथ
agyat,अज्ञात,अज्ञात
jalvayu,जलवायु,जलव्यु
ainthey,ऐंठे,एं्े
ekclation,एक्सक्लेन,एक्सक्लेन
theateron,थिएटरों,थिएटरों
gazi,गाज़ी,गज़ी
balehwar,बाले्वर,बले्वर
pradhaannagar,प्रधाननगर,प्रधाननगर
bhadauria,भदौरिया,भदौरिया
tuth,ट्रुथ,तुथ
prathamik,प्राथमिक,प्राथमिक
quarantine,क्वॉरेनटाइन,क्वारंटटइन
harabon,राबों,राबों
machine,मीन,मीने
ingar,सिंगार,सिंगर
jamaate,जमाती,जमाते
weronika,वेरोनिका,वेरोनिका
egmor,एगमोर,ईग्मोर
ramkot,रामकोट,रामकोट
yari,यारी,यारी
jatiyon,जातियों,जतियों
haabban,हाब्बन,हाबबन
niyanta,नियंता,नियंता
trubyunal,ट्रिब्यूनल,ट्रूब्युनल
chhodiye,छोडिये,छोड़यय
yuddhanaukaa,युद्धनौका,युद्धनौका
lokpratinidhiyon,लोकप्रतिनिधियों,लोकप्रतिनिधियों
circulation,सर्किलेन,सर्कुलेन
ambit,संबित,सम्बित
kuhwaha,कुवाहा,कुवाहा
anurit,अनुरीत,अनुरित
nihlaani,निहलानी,निलहानी
gammat,गम्मत,गम्माट
devaapur,देवापुर,देवापुर
fawaare,फव्वारे,फ़ावरे
ahuja,आहूजा,अहुजा
rahugaan,रहुगाँ,रहूगाँ
paliyon,पालियों,पलियों
greenwood,ग्रीनवुड,ग्रीनवूड
hong,हॉन्ग,होंग
hiwalapurwa,िवालापुरवा,िवालापुरवा
kanblon,कंबलों,कैंबलॉन
pahanate,पहनते,पहनने
munaf,मुनाफ,मुनाफ
vikram,विक्रम,विक्रम
varga,वर्गस,वार्गस
verhan,वर्न,वर्षन
anthaan,संसथान,संस्थान
mehrotra,मेहरोत्रा,मेहरोत्र
eemaai,सीमाई,सीमाई
wadara,वदरा,वादारा
glaxomithkline,ग्लैक्सोस्मिथक्लीन,ग्लैक्सोमिक्लिनेन
nada,नक्सल,नादासा
arunaai,अरुणाई,अरुणाई
prativad,प्रतिवाद,प्रतिवाद
taylorville,टेलर्सविले,टेयलर्सविले
jhaauganj,झाउगंज,झाऊगंज
hooper,हूपर,हुपर
badhane,बड़ने,बढ़ने
polythenon,पॉलिथीनों,पॉलीथेनों
dadreva,ददरेवा,दाद्रवा
kakkad,कक्कड़,कक्कड़
batiyo,बस्तियो,बस्तियो
ankritiyan,संस्कृतियां,संस्कृतियां
blankaard,ब्लांकार्ड,ब्लांकार्ड
rajnichi,राजनीचि,राजनीची
dehdhaari,देहधारी,देहधारी
jh,झ,झ
dviarthee,द्विअर्थी,ड्वायर्थी
jalgti,जलगति,जलग्ती
ilva,सिल्वा,सिल्वा
dhoondhata,ढूंढता,ढूँढ़ता
regiterd,रजिस्टर्ड,रजिस्ट्रेड
franiko,फ्रांसिस्को,फ्रांसिस्को
khaatootolaa,खातूटोला,खातूतोला
phyician,फिजिियन,फिजिसियन
bhulata,भूलता,भुलता
bhoopingh,भूपसिंह,भूपसिंह
kahmir,क्मीर,क्मीर
mardani,मरदानी,मरदानी
pardeiyon,परदेसियों,परदेसियों
thaki,थकी,थाकी
vartman,वर्तमान,वार्टमैन
jubaan,ज़ुबान,जुबान
nakali,नक्सली,नक्साली
lipaaee,लिपाई,लिपाई
jhaugunj,झाउगंज,झौगुंज
baila,बैला,बैला
lalaniya,ललानिया,ललनिया
bahawalpur,बहावलपुर,बहावलपुर
lahlahaati,लहलहाती,लहलाहाती
wirele,वायरलेस,वायरलेस
madanaganja,मदनगंज,मदानगंज
batao,बताअाे,बटोओ
view,व्यू,वायू
uchchhrunkhalataa,उच्छृंखलता,उच्छरचंथलाता
jajmau,जाजमऊ,जजमौ
junagadh,जूनागढ़,जूनागढ़
dviarthi,द्विअर्थी,ड्वियर्थी
dhaarak,धारक,धारक
kahaavah,कहावह,कहावह
rajnitikaron,राजनीतिकारों,राजनीतिकरों
vayamveekrat,स्वयंस्वीकृत,स्वयंस्वीकरत
baagbageechon,बागबगीचों,बागबेगीों
angohtree,संगोष्ट्री,संगोष्ट्री
little,लिटिल,लिट्टल
wayam,स्वयँ,स्वयं
paradhin,पराधीन,पराधीन
lalkrihna,लालकृष्ण,लालरिष्णा
anyojakon,संयोजकों,संयोजकों
pakdaae,पकड़ाए,पकड़ाए
cronfrening,क्रान्फ्रेंसिंग,क्रोन्फ्रेंंंग
udghoh,उदघोष,उद्ोोष
pehnate,पहनता,पहनते
rangate,रंगते,रंगते
chachaji,चाचाजी,चाचाजी
maryadaon,मर्यादाओं,मर्यदाओं
apvartit,अपवर्तित,अपवर्तित
mantripad,मंत्रीपद,मंत्रिपद
dayitva,दायित्व,दयित्व
ea,ईए,ईए
ikthiyoi,इक्थियोसिस,इक्ठियोसिस
hymen,हाइमन,हायमेन
premamoolak,प्रेममूलक,प्रेममूलक
ammpattiyaan,संम्पत्तियां,संपपत्तियां
behuria,बहुरिया,बेहुरिया
mamooli,मामूली,ममोली
hataakharon,हस्ताक्षरों,हस्ताक्षरों
haryana,हरयाणा,हरयाना
manchiya,मंचीय,मंचिया
wyaakhyaatmaktaa,व्याख्यात्मकता,व्याखयात्मकताा
aithan,ऐठन,ऐतन
fefda,फेफड़ा,फेफ्डा
katlari,कटलरी,कटलारी
traion,स्ट्रेन,स्ट्रेन
aali,आलसी,आल्सी
uraj,सूरज,सुरज
jhaohuee,झाओहुई,झौहीू
ayra,सायरा,सैरा
putin,पुतिन,प्यूटिन
kingkhan,किंगखान,किंगखान
dhiryawaan,धैर्यवान,धिर्यवां
anyaya,अन्याय,अन्या
vikakhand,विकासखण्ड,विकासखंड
dhandhekhoree,धंधेखोरी,धंधेखोरी
naagrik,नागारिक,नागरिक
immachyoritee,इम्मैच्योरिटी,इम्माचियोरिीी
junction,जंक्न,जनक्न
oeeef,ओईएफ,ईईएफ
dinu,दीनु,दीनु
badhaati,बढ़ाती,बढ़ती
vidhaaon,विद्याओं,विधाओं
tarikon,तरीक़ों,तारिकों
nivehkartaa,निवेकर्ता,निवेकर्ता
mahabalehwar,महाबले्वर,महाबले्वर
raunakh,रौनक़,रौनख
wihvaweer,वि्ववीर,वि्ववीर
marrej,मैरेज,मर्रेज
mexico,मेक्सिको,मेक्सिको
bhuawal,भुसावल,भुसावल
gopaalak,गोपालक,गोपालक
traded,ट्रेडेड,ट्रेडे
bhagyehwar,भाग्येष्वर,भाग्ये्वर
imtataa,सिमटता,सिमताता
omwaar,साेमवार,सोमवार
rajyamantreevatantra,राज्यमंत्रीस्वतंत्र,राज्यमंत्रिवत्ंग्रर
diya,दीया,दिया
aateraa,सातसेरा,सात्सेरा
aval,सवाल,सावल
toh,तो,तोह
puhpit,पुष्पित,पुष्पित
devi,देवी,देवी
faliya,फालिया,फलिया
porbandar,पोरबंदर,पोरबंदर
packageon,पैकेजों,पैकेजन
amargad,अमरगढ़,अमरगाद
patel,पटेल,पटेल
phyuchuritic,फ्यूचुरिस्टिक,फ्यूचरिस्टिक
preciion,प्रिसिन,प्रिसिजन
ahakalakar,सहकलाकार,सहकलाकर
baagbagichon,बागबगीचों,बागबगगचों
manwaayaa,मनवाया,मनवाया
mogali,मोगली,मोगाली
janeudhari,जनेऊधारी,जनेुधारी
graahakonne,ग्राहकोंने,ग्राहकोंने
korola,कोरोला,कोरोला
karaar,क़रार,करार
lalaaniyaa,ललानिया,ललानिया
obcura,ऑब्स्क्योरा,ओब्स्क्यूरा
rukate,रुकते,रुकते
morale,मोराल्स,मोरेल्स
avrodhak,अवरोधक,अवरोधक
aapdaein,आपदाएं,आपदें
thakkr,ठक्कर,ठक्कर
dhammaa,धम्मा,धम्मा
ditributary,ड्रिस्ट्रीब्यूट्री,डिस्ट्रीब्यूटरी
pratetent,प्राटेस्टेंट,प्रेटसेंटे
maanga,मांगा,माँगा
kuh,कु,कु
ardhawihwaa,अर्धवि्वास,आर्धवि्वास
juraab,जुराब,जुराब
fixingah,फिक्सिंगः,फिक्सिंह
ibija,इबीजा,इबीजा
vrutton,वृत्तों,व्रुत्न
navanagar,नवानगर,नवनागर
riya,रिया,रिया
manmarji,मनमर्जी,मनमारजी
bikherane,बिखेरने,बिखरेने
paltane,पलटने,पाल्टाने
davindarpal,दविन्दरपाल,दविंदरपाल
phaan,फाँस,फाँस
varaache,वर्साचे,वर्साचे
anupama,अनुपमा,अनुपामा
tuberculoi,ट्यूबरक्यूलोसिस,टबरक्लूसियस
parivar,सपरिवार,स्परिवर
gangtok,गंगटोक,गंग्ोोक
mantrayon,मंत्रयों,मंत्ररयों
mahanatam,महानतम,महानतम
lagega,लगेगा,लागेगा
awaal,सवाल,सवाल
jeevvigyaaniyon,जीवविज्ञानियों,जीवविग्ञानियों
apraman,सप्रमाण,सप्रमण
dampati,दंपति,दंपती
mahkane,महकने,महकने
afaikarmi,सफाईकर्मी,सफाईकर्मी
ralhan,रल्हन,रालहन
jimafarohee,जिस्मफरोी,जिस्मफरोी
koottaa,कूत्ता,कूट्टा
judne,जुडने,जुड़ने
normal,नॉर्मल,नॉरमल
doranda,डोरंडा,दोरंडा
udhampur,उधमपुर,उधममुुर
oran,ओरण,ओरेन
mayendranath,मत्स्येंद्रनाथ,मासेन्दरनाथ
gould,गोल्ड,गोल्ड
udaan,उड़ान,उड़ाँ
bago,बागो,बगो
apa,सपा्,सापा
hawnee,ॉनी,वनी
pakhpat,पक्षपात,पक्षपत
treamwood,स्ट्रीमवुड,स्ट्रेमवूड
ehaa,एहसास,एहसास
varnika,स्वर्णिका,स्वर्णिका
aviation,ऐवीऐन,एवियन
kanyaein,कन्याएं,कन्याएं
tankar,टंकार,टंकर
dhahaaenge,ढहाएँगे,ढहाएंगे
hikayatkarta,िकायतकर्ता,िकायतकर्ता
ihaak,इाक,इाक
ankrutiyan,संस्कृतियां,संस्क्रुतियां
wgpl,डब्ल्यूजीपीएल,वीजीपीएल
clifton,क्लिफ्टन,क्लिफ्टन
jaikara,जयकारा,जयकरा
jauhari,जौहरी,जौहरी
raktadaataaon,रक्तदाताओं,रक्तदाताओं
kyaah,क्याः,क्याह
ranjkta,रंजकता,रंजकता
ovum,ओवम,ओवूम
tuti,स्तुति,स्तुटी
valad,वलसाड,वाल्दद
irmon,सिरमोन,सिरमों
ingha,सिंहा,सिंघा
heelbhag,ीलभंग,ीलभाग
ektactor,एक्सटेक्टर,एक्सटैैक्टर
bhaagyoday,भाग्योदय,भाग्ोयदय
baraai,बरसाई,बरसाई
uankrut,सुसंस्कृत,सुसंस्करत
chakhu,चक्षु,चक्षु
inhalation,इनहेलेन,इन्हालेन
anvaahaarya,अन्वाहार्य,अनवाहार्य
wyakhyatmakta,व्याख्यात्मकता,व्याख्यामत््का
avarnataa,अवर्णता,अवर्णता
policy,पालिसी,पोलिकी
deniar,डेनिअर,डेनियर
mejbaani,मेज़बानी,मेजबानी
naameegiraamee,नामीगिरामी,नामिगीरमी
himamaanav,हिममानव,हिमामान
maurya,मौर्या,मौर्य
charanbaddh,चरणबद्घ,चरणबद्ध
urfactant,सर्फेकटेंट्स,सर्फेकटेंट्स
takah,तकः,तकह
boriwali,बोरीवली,बोरीवाली
daav,दाव,दाव
buddharam,बुद्धाराम,बुद्धरम
pegav,पेगव,पेगाव
label,लेबल,लाबेल
datun,डैटसन,डत्सन
chamchagiree,चमचागिरी,चमचगगिरी
kamyuniketar,कम्युनिकेटर्स,काम्युनिकेर्ट्स
waatikakaar,स्वास्तिकाकार,स्वास्तिकाकर
ipahi,सिपाही,सिपही
chandana,चंदन,चंदाना
pam,पैम,पम
charchaamanch,चर्चामंच,चर्चामंच
heidelbergceat,हैडलबेर्गसिएट,हाइडब्रेलेटी
